LapNumber,Driver,LapTime,Stint,TotalLaps,Compound,New,TyresNotChanged,Time,LapFlags,LapCountTime,StartLaps,Outlap
,3,,0,0.0,MEDIUM,True,True,0 days 00:56:13.003000,0.0,,0.0,
,4,,0,0.0,MEDIUM,True,True,0 days 00:56:13.003000,0.0,,0.0,
,5,,0,3.0,MEDIUM,False,True,0 days 00:56:13.003000,0.0,,3.0,
,6,,0,0.0,MEDIUM,True,True,0 days 00:56:13.003000,0.0,,0.0,
,7,,0,0.0,MEDIUM,True,True,0 days 00:56:13.003000,0.0,,0.0,
,9,,0,3.0,MEDIUM,False,True,0 days 00:56:13.003000,0.0,,3.0,
,10,,0,0.0,MEDIUM,True,True,0 days 00:56:13.003000,0.0,,0.0,
,11,,0,0.0,HARD,True,True,0 days 00:56:13.003000,0.0,,0.0,
,14,,0,0.0,MEDIUM,True,True,0 days 00:56:13.003000,0.0,,0.0,
,16,,0,0.0,MEDIUM,True,True,0 days 00:56:13.003000,0.0,,0.0,
,18,,0,3.0,MEDIUM,False,True,0 days 00:56:13.003000,0.0,,3.0,
,22,,0,0.0,MEDIUM,True,True,0 days 00:56:13.003000,0.0,,0.0,
,31,,0,0.0,MEDIUM,True,True,0 days 00:56:13.003000,0.0,,0.0,
,33,,0,0.0,MEDIUM,True,True,0 days 00:56:13.003000,0.0,,0.0,
,47,,0,3.0,MEDIUM,False,True,0 days 00:56:13.003000,0.0,,3.0,
,55,,0,0.0,MEDIUM,True,True,0 days 00:56:13.003000,0.0,,0.0,
,63,,0,0.0,MEDIUM,True,True,0 days 00:56:13.003000,0.0,,0.0,
,77,,0,1.0,MEDIUM,False,True,0 days 00:56:13.003000,0.0,,1.0,
,99,,0,0.0,MEDIUM,True,True,0 days 00:56:13.003000,0.0,,0.0,
,44,,0,1.0,MEDIUM,False,True,0 days 00:56:18.013000,0.0,,1.0,
,16,,0,1.0,,False,False,0 days 01:04:28.042000,,,,
,3,,0,1.0,,False,False,0 days 01:04:33.041000,,,,
,4,,0,1.0,,False,False,0 days 01:04:33.041000,,,,
,44,,0,2.0,,False,False,0 days 01:04:33.041000,,,,
,77,,0,2.0,,False,False,0 days 01:04:33.041000,,,,
,5,,0,4.0,,False,False,0 days 01:04:38.044000,,,,
,14,,0,1.0,,False,False,0 days 01:04:38.044000,,,,
,55,,0,1.0,,False,False,0 days 01:04:38.044000,,,,
,7,,0,1.0,,False,False,0 days 01:04:43.042000,,,,
,10,,0,1.0,,False,False,0 days 01:04:43.042000,,,,
,18,,0,4.0,,False,False,0 days 01:04:43.042000,,,,
,31,,0,1.0,,False,False,0 days 01:04:43.042000,,,,
,22,,0,1.0,,False,False,0 days 01:04:48.054000,,,,
,63,,0,1.0,,False,False,0 days 01:04:48.054000,,,,
,99,,0,1.0,,False,False,0 days 01:04:48.054000,,,,
,6,,0,1.0,,False,False,0 days 01:04:53.038000,,,,
,9,,0,4.0,,False,False,0 days 01:04:53.038000,,,,
,11,,0,1.0,,False,False,0 days 01:04:53.038000,,,,
,47,,0,4.0,,False,False,0 days 01:04:53.038000,,,,
,16,,0,2.0,,False,False,0 days 01:07:08.044000,,,,
,44,,0,3.0,,False,False,0 days 01:07:08.044000,,,,
2.0,16,0 days 00:02:39.045000,0,,,False,False,0 days 01:07:08.575000,,,,
2.0,44,0 days 00:02:38.142000,0,,,False,False,0 days 01:07:08.575000,,,,
,4,,0,2.0,,False,False,0 days 01:07:13.048000,,,,
,77,,0,3.0,,False,False,0 days 01:07:13.048000,,,,
2.0,4,0 days 00:02:38.631000,0,,,False,False,0 days 01:07:13.193000,,,,
2.0,77,0 days 00:02:39.641000,0,,,False,False,0 days 01:07:13.193000,,,,
,3,,0,2.0,,False,False,0 days 01:07:18.044000,,,,
,5,,0,5.0,,False,False,0 days 01:07:18.044000,,,,
2.0,3,0 days 00:02:41.042000,0,,,False,False,0 days 01:07:18.411000,,,,
2.0,5,0 days 00:02:43.397000,0,,,False,False,0 days 01:07:18.411000,,,,
,14,,0,2.0,,False,False,0 days 01:07:23.044000,,,,
,55,,0,2.0,,False,False,0 days 01:07:23.044000,,,,
2.0,14,0 days 00:02:43.560000,0,,,False,False,0 days 01:07:23.262000,,,,
2.0,55,0 days 00:02:45.213000,0,,,False,False,0 days 01:07:23.262000,,,,
,7,,0,2.0,,False,False,0 days 01:07:28.044000,,,,
,18,,0,5.0,,False,False,0 days 01:07:28.044000,,,,
,31,,0,2.0,,False,False,0 days 01:07:28.044000,,,,
2.0,7,0 days 00:02:45.159000,0,,,False,False,0 days 01:07:28.598000,,,,
2.0,18,0 days 00:02:46.803000,0,,,False,False,0 days 01:07:28.598000,,,,
2.0,31,0 days 00:02:46.033000,0,,,False,False,0 days 01:07:28.598000,,,,
,10,,0,2.0,,False,False,0 days 01:07:33.065000,,,,
,99,,0,2.0,,False,False,0 days 01:07:33.065000,,,,
2.0,10,0 days 00:02:48.344000,0,,,False,False,0 days 01:07:33.610000,,,,
2.0,99,0 days 00:02:49.294000,0,,,False,False,0 days 01:07:33.610000,,,,
,63,,0,2.0,,False,False,0 days 01:07:38.045000,,,,
2.0,63,0 days 00:02:51.364000,0,,,False,False,0 days 01:07:38.625000,,,,
,22,,0,2.0,,False,False,0 days 01:07:43.044000,,,,
,47,,0,5.0,,False,False,0 days 01:07:43.044000,,,,
2.0,22,0 days 00:02:52.335000,0,,,False,False,0 days 01:07:43.634000,,,,
2.0,47,0 days 00:02:52.950000,0,,,False,False,0 days 01:07:43.634000,,,,
,6,,0,2.0,,False,False,0 days 01:07:48.046000,,,,
,9,,0,5.0,,False,False,0 days 01:07:48.046000,,,,
,11,,0,2.0,,False,False,0 days 01:07:48.046000,,,,
2.0,6,0 days 00:02:54.392000,0,,,False,False,0 days 01:07:48.640000,,,,
2.0,9,0 days 00:02:53.397000,0,,,False,False,0 days 01:07:48.640000,,,,
2.0,11,0 days 00:02:54.839000,0,,,False,False,0 days 01:07:48.640000,,,,
,16,,1,0.0,MEDIUM,True,True,0 days 01:41:08.400000,0.0,,0.0,
,44,,1,0.0,MEDIUM,False,True,0 days 01:41:13.410000,0.0,,0.0,
,77,,1,0.0,MEDIUM,True,True,0 days 01:41:13.410000,0.0,,0.0,
,3,,1,2.0,MEDIUM,False,True,0 days 01:41:18.427000,0.0,,2.0,
,4,,1,2.0,MEDIUM,False,True,0 days 01:41:18.427000,0.0,,2.0,
,5,,1,5.0,MEDIUM,False,True,0 days 01:41:28.426000,0.0,,5.0,
,14,,1,1.0,MEDIUM,False,True,0 days 01:41:33.431000,0.0,,1.0,
,55,,1,0.0,MEDIUM,True,True,0 days 01:41:33.431000,0.0,,0.0,
,7,,1,0.0,MEDIUM,True,True,0 days 01:41:43.446000,0.0,,0.0,
,18,,1,2.0,MEDIUM,False,True,0 days 01:41:48.910000,0.0,,2.0,
,31,,1,0.0,MEDIUM,True,True,0 days 01:41:48.910000,0.0,,0.0,
,10,,1,2.0,MEDIUM,False,True,0 days 01:41:53.455000,0.0,,2.0,
,99,,1,0.0,MEDIUM,True,True,0 days 01:41:58.461000,0.0,,0.0,
,63,,1,0.0,MEDIUM,True,True,0 days 01:42:03.461000,0.0,,0.0,
,22,,1,2.0,MEDIUM,False,True,0 days 01:42:08.474000,0.0,,2.0,
,47,,1,1.0,MEDIUM,False,True,0 days 01:42:08.474000,0.0,,1.0,
,6,,1,0.0,MEDIUM,True,True,0 days 01:42:13.483000,0.0,,0.0,
,9,,1,3.0,MEDIUM,False,True,0 days 01:42:13.483000,0.0,,3.0,
,11,,1,2.0,HARD,False,True,0 days 01:42:18.488000,0.0,,2.0,
,16,,1,1.0,,False,False,0 days 01:44:13.495000,,,,
,44,,1,1.0,,False,False,0 days 01:44:18.490000,,,,
,77,,1,1.0,,False,False,0 days 01:44:18.490000,,,,
,4,,1,3.0,,False,False,0 days 01:44:23.495000,,,,
,3,,1,3.0,,False,False,0 days 01:44:28.501000,,,,
,5,,1,6.0,,False,False,0 days 01:44:28.501000,,,,
,14,,1,2.0,,False,False,0 days 01:44:33.495000,,,,
,55,,1,1.0,,False,False,0 days 01:44:38.501000,,,,
,7,,1,1.0,,False,False,0 days 01:44:43.509000,,,,
,31,,1,1.0,,False,False,0 days 01:44:43.509000,,,,
,18,,1,3.0,,False,False,0 days 01:44:48.494000,,,,
,10,,1,3.0,,False,False,0 days 01:44:53.503000,,,,
,63,,1,1.0,,False,False,0 days 01:44:58.508000,,,,
,99,,1,1.0,,False,False,0 days 01:44:58.508000,,,,
,22,,1,3.0,,False,False,0 days 01:45:03.497000,,,,
,47,,1,2.0,,False,False,0 days 01:45:03.497000,,,,
,6,,1,1.0,,False,False,0 days 01:45:08.510000,,,,
,9,,1,4.0,,False,False,0 days 01:45:23.492000,,,,
,11,,1,3.0,,False,False,0 days 01:45:23.492000,,,,
,16,,1,2.0,,False,False,0 days 01:46:53.500000,,,,
,44,,1,2.0,,False,False,0 days 01:46:53.500000,,,,
4.0,16,0 days 00:02:40.134000,1,,,False,False,0 days 01:46:53.821000,1.0,,,
4.0,44,0 days 00:02:37.266000,1,,,False,False,0 days 01:46:53.821000,3.0,,,
,3,,1,4.0,,False,False,0 days 01:46:58.503000,,,,
,4,,1,4.0,,False,False,0 days 01:46:58.503000,,,,
,14,,1,3.0,,False,False,0 days 01:46:58.503000,,,,
,18,,1,4.0,,False,False,0 days 01:46:58.503000,,,,
,55,,1,2.0,,False,False,0 days 01:46:58.503000,,,,
,77,,1,2.0,,False,False,0 days 01:46:58.503000,,,,
4.0,3,0 days 00:02:30.939000,1,,,False,False,0 days 01:46:58.553000,1.0,,,
4.0,4,0 days 00:02:32.439000,1,,,False,False,0 days 01:46:58.553000,1.0,,,
4.0,14,0 days 00:02:24.593000,1,,,False,False,0 days 01:46:58.553000,1.0,,,
4.0,18,0 days 00:02:12.540000,1,,,False,False,0 days 01:46:58.553000,3.0,,,
,44,,1,,,False,False,0 days 01:46:58.553000,1.0,,,
4.0,55,0 days 00:02:22.426000,1,,,False,False,0 days 01:46:58.553000,1.0,,,
4.0,77,0 days 00:02:36.914000,1,,,False,False,0 days 01:46:58.553000,1.0,,,
,6,,1,2.0,,False,False,0 days 01:47:03.508000,,,,
,7,,1,2.0,,False,False,0 days 01:47:03.508000,,,,
,10,,1,4.0,,False,False,0 days 01:47:03.508000,,,,
,11,,1,4.0,,False,False,0 days 01:47:03.508000,,,,
,22,,1,4.0,,False,False,0 days 01:47:03.508000,,,,
,31,,1,2.0,,False,False,0 days 01:47:03.508000,,,,
,47,,1,3.0,,False,False,0 days 01:47:03.508000,,,,
,63,,1,2.0,,False,False,0 days 01:47:03.508000,,,,
,99,,1,2.0,,False,False,0 days 01:47:03.508000,,,,
4.0,6,0 days 00:01:56.501000,1,,,False,False,0 days 01:47:03.605000,1.0,,,
4.0,7,0 days 00:02:19.184000,1,,,False,False,0 days 01:47:03.605000,1.0,,,
4.0,10,0 days 00:02:08.686000,1,,,False,False,0 days 01:47:03.605000,1.0,,,
4.0,11,0 days 00:01:42.651000,1,,,False,False,0 days 01:47:03.605000,3.0,,,
,18,,1,,,False,False,0 days 01:47:03.605000,1.0,,,
4.0,22,0 days 00:02:00.737000,1,,,False,False,0 days 01:47:03.605000,1.0,,,
4.0,31,0 days 00:02:16.604000,1,,,False,False,0 days 01:47:03.605000,1.0,,,
4.0,47,0 days 00:01:59.887000,1,,,False,False,0 days 01:47:03.605000,1.0,,,
4.0,63,0 days 00:02:02.552000,1,,,False,False,0 days 01:47:03.605000,1.0,,,
4.0,99,0 days 00:02:05.661000,1,,,False,False,0 days 01:47:03.605000,1.0,,,
,9,,1,5.0,,False,False,0 days 01:47:08.501000,,,,
4.0,9,0 days 00:01:44.503000,1,,,False,False,0 days 01:47:08.502000,1.0,,,
,5,,1,7.0,,False,False,0 days 01:47:13.506000,,,,
4.0,5,0 days 00:02:42.978000,1,,,False,False,0 days 01:47:13.708000,1.0,,,
,11,,1,,,False,False,0 days 01:48:24.727000,1.0,,,
5.0,16,0 days 00:01:32.805000,1,,,False,False,0 days 01:48:24.727000,3.0,,,
5.0,44,0 days 00:01:33.049000,1,,,False,False,0 days 01:48:26.108000,,,,
5.0,4,0 days 00:01:33.318000,1,,,False,False,0 days 01:48:27.594000,,,,
,4,,1,5.0,,False,False,0 days 01:48:28.502000,,,,
,16,,1,3.0,,False,False,0 days 01:48:28.502000,,,,
,44,,1,3.0,,False,False,0 days 01:48:28.502000,,,,
5.0,77,0 days 00:01:33.727000,1,,,False,False,0 days 01:48:28.643000,,,,
5.0,3,0 days 00:01:34.142000,1,,,False,False,0 days 01:48:30.132000,,,,
5.0,55,0 days 00:01:33.782000,1,,,False,False,0 days 01:48:31.146000,,,,
5.0,14,0 days 00:01:35.626000,1,,,False,False,0 days 01:48:32.441000,,,,
5.0,18,0 days 00:01:35.163000,1,,,False,False,0 days 01:48:33.269000,,,,
,3,,1,5.0,,False,False,0 days 01:48:33.517000,,,,
,14,,1,4.0,,False,False,0 days 01:48:33.517000,,,,
,18,,1,5.0,,False,False,0 days 01:48:33.517000,,,,
,55,,1,3.0,,False,False,0 days 01:48:33.517000,,,,
,77,,1,3.0,,False,False,0 days 01:48:33.517000,,,,
5.0,31,0 days 00:01:35.130000,1,,,False,False,0 days 01:48:34.352000,,,,
5.0,7,0 days 00:01:36.398000,1,,,False,False,0 days 01:48:35.233000,,,,
5.0,99,0 days 00:01:36.308000,1,,,False,False,0 days 01:48:35.864000,,,,
5.0,10,0 days 00:01:36.555000,1,,,False,False,0 days 01:48:36.470000,,,,
5.0,63,0 days 00:01:36.865000,1,,,False,False,0 days 01:48:37.423000,,,,
5.0,11,0 days 00:01:35.983000,1,,,False,False,0 days 01:48:38.300000,,,,
,7,,1,3.0,,False,False,0 days 01:48:38.518000,,,,
,10,,1,5.0,,False,False,0 days 01:48:38.518000,,,,
,11,,1,5.0,,False,False,0 days 01:48:38.518000,,,,
,31,,1,3.0,,False,False,0 days 01:48:38.518000,,,,
,63,,1,3.0,,False,False,0 days 01:48:38.518000,,,,
,99,,1,3.0,,False,False,0 days 01:48:38.518000,,,,
5.0,22,0 days 00:01:37.689000,1,,,False,False,0 days 01:48:38.685000,,,,
5.0,6,0 days 00:01:37.107000,1,,,False,False,0 days 01:48:39.859000,,,,
5.0,47,0 days 00:01:39.029000,1,,,False,False,0 days 01:48:41.070000,,,,
5.0,9,0 days 00:01:38.789000,1,,,False,False,0 days 01:48:42.165000,,,,
,6,,1,3.0,,False,False,0 days 01:48:43.520000,,,,
,9,,1,6.0,,False,False,0 days 01:48:43.520000,,,,
,22,,1,5.0,,False,False,0 days 01:48:43.520000,,,,
,47,,1,4.0,,False,False,0 days 01:48:43.520000,,,,
5.0,5,0 days 00:01:35.272000,1,,,False,False,0 days 01:48:45.773000,,,,
,5,,1,8.0,,False,False,0 days 01:48:48.511000,,,,
6.0,16,,1,,,False,False,0 days 01:49:57.621000,,,,
,16,,1,4.0,,False,False,0 days 01:49:58.511000,,,,
6.0,44,,1,,,False,False,0 days 01:49:59.250000,,,,
6.0,77,0 days 00:01:33.577000,1,,,False,False,0 days 01:50:02.248000,,,,
,4,,1,6.0,,False,False,0 days 01:50:03.537000,,,,
,44,,1,4.0,,False,False,0 days 01:50:03.537000,,,,
,77,,1,4.0,,False,False,0 days 01:50:03.537000,,,,
6.0,3,0 days 00:01:34.023000,1,,,False,False,0 days 01:50:04.148000,,,,
6.0,55,,1,,,False,False,0 days 01:50:05.153000,,,,
6.0,14,0 days 00:01:34.496000,1,,,False,False,0 days 01:50:06.947000,,,,
6.0,18,0 days 00:01:34.664000,1,,,False,False,0 days 01:50:07.919000,,,,
,3,,1,6.0,,False,False,0 days 01:50:08.508000,,,,
,14,,1,5.0,,False,False,0 days 01:50:08.508000,,,,
,18,,1,6.0,,False,False,0 days 01:50:08.508000,,,,
,55,,1,4.0,,False,False,0 days 01:50:08.508000,,,,
6.0,31,0 days 00:01:34.832000,1,,,False,False,0 days 01:50:09.164000,,,,
6.0,7,0 days 00:01:34.929000,1,,,False,False,0 days 01:50:10.207000,,,,
6.0,10,0 days 00:01:34.385000,1,,,False,False,0 days 01:50:10.858000,,,,
6.0,99,0 days 00:01:35.876000,1,,,False,False,0 days 01:50:11.769000,,,,
6.0,63,0 days 00:01:35.260000,1,,,False,False,0 days 01:50:12.722000,,,,
,7,,1,4.0,,False,False,0 days 01:50:13.514000,,,,
,10,,1,6.0,,False,False,0 days 01:50:13.514000,,,,
,31,,1,4.0,,False,False,0 days 01:50:13.514000,,,,
,63,,1,4.0,,False,False,0 days 01:50:13.514000,,,,
,99,,1,4.0,,False,False,0 days 01:50:13.514000,,,,
6.0,11,0 days 00:01:35.256000,1,,,False,False,0 days 01:50:13.528000,,,,
6.0,22,0 days 00:01:35.655000,1,,,False,False,0 days 01:50:14.306000,,,,
6.0,6,0 days 00:01:35.620000,1,,,False,False,0 days 01:50:15.496000,,,,
6.0,47,0 days 00:01:37.141000,1,,,False,False,0 days 01:50:18.229000,,,,
,6,,1,4.0,,False,False,0 days 01:50:18.517000,,,,
,11,,1,6.0,,False,False,0 days 01:50:18.517000,,,,
,22,,1,6.0,,False,False,0 days 01:50:18.517000,,,,
,47,,1,5.0,,False,False,0 days 01:50:18.517000,,,,
6.0,9,0 days 00:01:37.188000,1,,,False,False,0 days 01:50:19.352000,,,,
6.0,5,0 days 00:01:34.602000,1,,,False,False,0 days 01:50:20.361000,,,,
,5,,1,9.0,,False,False,0 days 01:50:23.523000,,,,
,9,,1,7.0,,False,False,0 days 01:50:23.523000,,,,
,16,,1,,,False,False,0 days 01:51:31.967000,1.0,,,
7.0,44,0 days 00:01:32.738000,1,,,False,False,0 days 01:51:31.967000,3.0,,,
,16,,1,5.0,,False,False,0 days 01:51:33.510000,,,,
,44,,1,5.0,,False,False,0 days 01:51:33.510000,,,,
7.0,77,0 days 00:01:33.543000,1,,,False,False,0 days 01:51:35.742000,,,,
7.0,3,0 days 00:01:33.820000,1,,,False,False,0 days 01:51:37.956000,,,,
,3,,1,7.0,,False,False,0 days 01:51:38.518000,,,,
,4,,1,7.0,,False,False,0 days 01:51:38.518000,,,,
,77,,1,5.0,,False,False,0 days 01:51:38.518000,,,,
7.0,14,,1,,,False,False,0 days 01:51:41.947000,,,,
7.0,18,,1,,,False,False,0 days 01:51:42.910000,,,,
,14,,1,6.0,,False,False,0 days 01:51:43.524000,,,,
,18,,1,7.0,,False,False,0 days 01:51:43.524000,,,,
,55,,1,5.0,,False,False,0 days 01:51:43.524000,,,,
7.0,31,,1,,,False,False,0 days 01:51:44.148000,,,,
7.0,7,,1,,,False,False,0 days 01:51:45.422000,,,,
7.0,10,,1,,,False,False,0 days 01:51:46.050000,,,,
7.0,99,0 days 00:01:35.379000,1,,,False,False,0 days 01:51:47.123000,,,,
7.0,11,0 days 00:01:34.763000,1,,,False,False,0 days 01:51:48.270000,,,,
,7,,1,5.0,,False,False,0 days 01:51:48.546000,,,,
,10,,1,7.0,,False,False,0 days 01:51:48.546000,,,,
,11,,1,7.0,,False,False,0 days 01:51:48.546000,,,,
,31,,1,5.0,,False,False,0 days 01:51:48.546000,,,,
,99,,1,5.0,,False,False,0 days 01:51:48.546000,,,,
7.0,63,,1,,,False,False,0 days 01:51:49.176000,,,,
7.0,22,0 days 00:01:35.510000,1,,,False,False,0 days 01:51:49.829000,,,,
7.0,6,,1,,,False,False,0 days 01:51:51.235000,,,,
,6,,1,5.0,,False,False,0 days 01:51:53.530000,,,,
,22,,1,7.0,,False,False,0 days 01:51:53.530000,,,,
,63,,1,5.0,,False,False,0 days 01:51:53.530000,,,,
7.0,47,0 days 00:01:36.993000,1,,,False,False,0 days 01:51:55.178000,,,,
7.0,9,,1,,,False,False,0 days 01:51:57.312000,,,,
,5,,1,10.0,,False,False,0 days 01:51:58.516000,,,,
,9,,1,8.0,,False,False,0 days 01:51:58.516000,,,,
,47,,1,6.0,,False,False,0 days 01:51:58.516000,,,,
8.0,44,,1,,,False,False,0 days 01:53:04.912000,,,,
,4,,1,8.0,,False,False,0 days 01:53:08.517000,,,,
,16,,1,6.0,,False,False,0 days 01:53:08.517000,,,,
,44,,1,6.0,,False,False,0 days 01:53:08.517000,,,,
8.0,77,,1,,,False,False,0 days 01:53:09.338000,,,,
8.0,3,,1,,,False,False,0 days 01:53:11.865000,,,,
,3,,1,8.0,,False,False,0 days 01:53:13.516000,,,,
,55,,1,6.0,,False,False,0 days 01:53:13.516000,,,,
,77,,1,6.0,,False,False,0 days 01:53:13.516000,,,,
,14,,1,7.0,,False,False,0 days 01:53:18.529000,,,,
,18,,1,8.0,,False,False,0 days 01:53:18.529000,,,,
8.0,99,0 days 00:01:35.295000,1,,,False,False,0 days 01:53:22.424000,,,,
8.0,11,,1,,,False,False,0 days 01:53:23.152000,,,,
,7,,1,6.0,,False,False,0 days 01:53:23.520000,,,,
,10,,1,8.0,,False,False,0 days 01:53:23.520000,,,,
,11,,1,8.0,,False,False,0 days 01:53:23.520000,,,,
,31,,1,6.0,,False,False,0 days 01:53:23.520000,,,,
,99,,1,6.0,,False,False,0 days 01:53:23.520000,,,,
8.0,22,,1,,,False,False,0 days 01:53:25.441000,,,,
8.0,6,0 days 00:01:35.548000,1,,,False,False,0 days 01:53:26.766000,,,,
,6,,1,6.0,,False,False,0 days 01:53:28.523000,,,,
,22,,1,8.0,,False,False,0 days 01:53:28.523000,,,,
,63,,1,6.0,,False,False,0 days 01:53:28.523000,,,,
8.0,47,,1,,,False,False,0 days 01:53:32.779000,,,,
,5,,1,11.0,,False,False,0 days 01:53:33.533000,,,,
,47,,1,7.0,,False,False,0 days 01:53:33.533000,,,,
8.0,9,0 days 00:01:37.033000,1,,,False,False,0 days 01:53:34.279000,,,,
,9,,1,9.0,,False,False,0 days 01:53:38.531000,,,,
,16,,1,7.0,,False,False,0 days 01:54:38.528000,,,,
,44,,1,7.0,,False,False,0 days 01:54:38.528000,,,,
9.0,77,0 days 00:01:33.096000,1,,,False,False,0 days 01:54:42.410000,,,,
,4,,1,9.0,,False,False,0 days 01:54:43.534000,,,,
,77,,1,7.0,,False,False,0 days 01:54:43.534000,,,,
9.0,3,0 days 00:01:33.710000,1,,,False,False,0 days 01:54:45.595000,,,,
,3,,1,9.0,,False,False,0 days 01:54:48.522000,,,,
,55,,1,7.0,,False,False,0 days 01:54:48.522000,,,,
9.0,18,0 days 00:01:34.625000,1,,,False,False,0 days 01:54:52.458000,,,,
,14,,1,8.0,,False,False,0 days 01:54:53.523000,,,,
,18,,1,9.0,,False,False,0 days 01:54:53.523000,,,,
9.0,31,0 days 00:01:34.762000,1,,,False,False,0 days 01:54:54.022000,,,,
9.0,11,0 days 00:01:34.058000,1,,,False,False,0 days 01:54:57.228000,,,,
9.0,99,,1,,,False,False,0 days 01:54:58.505000,,,,
,7,,1,7.0,,False,False,0 days 01:54:58.531000,,,,
,10,,1,9.0,,False,False,0 days 01:54:58.531000,,,,
,11,,1,9.0,,False,False,0 days 01:54:58.531000,,,,
,31,,1,7.0,,False,False,0 days 01:54:58.531000,,,,
,99,,1,7.0,,False,False,0 days 01:54:58.531000,,,,
9.0,63,0 days 00:01:35.192000,1,,,False,False,0 days 01:54:59.926000,,,,
9.0,22,0 days 00:01:35.213000,1,,,False,False,0 days 01:55:00.669000,,,,
9.0,6,0 days 00:01:35.350000,1,,,False,False,0 days 01:55:02.170000,,,,
,6,,1,7.0,,False,False,0 days 01:55:03.787000,,,,
,22,,1,9.0,,False,False,0 days 01:55:03.787000,,,,
,63,,1,7.0,,False,False,0 days 01:55:03.787000,,,,
9.0,5,0 days 00:01:34.370000,1,,,False,False,0 days 01:55:04.981000,,,,
,5,,1,12.0,,False,False,0 days 01:55:08.524000,,,,
9.0,47,0 days 00:01:36.428000,1,,,False,False,0 days 01:55:09.108000,,,,
9.0,9,0 days 00:01:36.697000,1,,,False,False,0 days 01:55:10.987000,,,,
,9,,1,10.0,,False,False,0 days 01:55:13.528000,,,,
,47,,1,8.0,,False,False,0 days 01:55:13.528000,,,,
,16,,1,8.0,,False,False,0 days 01:56:13.526000,,,,
,44,,1,8.0,,False,False,0 days 01:56:13.526000,,,,
10.0,4,0 days 00:01:33.011000,1,,,False,False,0 days 01:56:14.390000,,,,
10.0,77,,1,,,False,False,0 days 01:56:15.853000,,,,
,4,,1,10.0,,False,False,0 days 01:56:18.525000,,,,
,77,,1,8.0,,False,False,0 days 01:56:18.525000,,,,
10.0,3,0 days 00:01:33.638000,1,,,False,False,0 days 01:56:19.226000,,,,
,3,,1,10.0,,False,False,0 days 01:56:23.529000,,,,
,55,,1,8.0,,False,False,0 days 01:56:23.529000,,,,
10.0,14,0 days 00:01:34.211000,1,,,False,False,0 days 01:56:26.703000,,,,
10.0,18,0 days 00:01:34.338000,1,,,False,False,0 days 01:56:26.798000,,,,
10.0,31,0 days 00:01:34.548000,1,,,False,False,0 days 01:56:28.521000,,,,
,14,,1,9.0,,False,False,0 days 01:56:28.545000,,,,
,18,,1,10.0,,False,False,0 days 01:56:28.545000,,,,
10.0,7,0 days 00:01:34.766000,1,,,False,False,0 days 01:56:30.183000,,,,
10.0,11,,1,,,False,False,0 days 01:56:31.867000,,,,
10.0,99,0 days 00:01:34.858000,1,,,False,False,0 days 01:56:33.372000,,,,
,7,,1,8.0,,False,False,0 days 01:56:33.546000,,,,
,10,,1,10.0,,False,False,0 days 01:56:33.546000,,,,
,11,,1,10.0,,False,False,0 days 01:56:33.546000,,,,
,31,,1,8.0,,False,False,0 days 01:56:33.546000,,,,
,99,,1,8.0,,False,False,0 days 01:56:33.546000,,,,
10.0,63,0 days 00:01:34.723000,1,,,False,False,0 days 01:56:34.670000,,,,
10.0,22,0 days 00:01:34.806000,1,,,False,False,0 days 01:56:35.457000,,,,
10.0,6,0 days 00:01:34.984000,1,,,False,False,0 days 01:56:37.143000,,,,
,6,,1,8.0,,False,False,0 days 01:56:38.526000,,,,
,22,,1,10.0,,False,False,0 days 01:56:38.526000,,,,
,63,,1,8.0,,False,False,0 days 01:56:38.526000,,,,
,5,,1,13.0,,False,False,0 days 01:56:43.527000,,,,
10.0,47,0 days 00:01:36.098000,1,,,False,False,0 days 01:56:47.306000,,,,
10.0,9,0 days 00:01:36.408000,1,,,False,False,0 days 01:56:47.403000,,,,
,9,,1,11.0,,False,False,0 days 01:56:48.527000,,,,
,47,,1,9.0,,False,False,0 days 01:56:48.527000,,,,
,16,,1,9.0,,False,False,0 days 01:57:43.542000,,,,
11.0,4,,1,,,False,False,0 days 01:57:47.635000,,,,
,4,,1,11.0,,False,False,0 days 01:57:48.543000,,,,
,44,,1,9.0,,False,False,0 days 01:57:48.543000,,,,
11.0,3,,1,,,False,False,0 days 01:57:53.079000,,,,
,3,,1,11.0,,False,False,0 days 01:57:53.534000,,,,
,77,,1,9.0,,False,False,0 days 01:57:53.534000,,,,
,55,,1,9.0,,False,False,0 days 01:57:58.537000,,,,
11.0,14,,1,,,False,False,0 days 01:58:00.271000,,,,
11.0,18,,1,,,False,False,0 days 01:58:01.136000,,,,
11.0,31,,1,,,False,False,0 days 01:58:03.467000,,,,
,14,,1,10.0,,False,False,0 days 01:58:03.538000,,,,
,18,,1,11.0,,False,False,0 days 01:58:03.538000,,,,
,31,,1,9.0,,False,False,0 days 01:58:03.538000,,,,
11.0,7,0 days 00:01:34.554000,1,,,False,False,0 days 01:58:04.753000,,,,
11.0,99,0 days 00:01:34.635000,1,,,False,False,0 days 01:58:08.015000,,,,
,7,,1,9.0,,False,False,0 days 01:58:08.540000,,,,
,10,,1,11.0,,False,False,0 days 01:58:08.540000,,,,
,11,,1,11.0,,False,False,0 days 01:58:08.540000,,,,
,99,,1,9.0,,False,False,0 days 01:58:08.540000,,,,
11.0,63,,1,,,False,False,0 days 01:58:09.539000,,,,
11.0,22,,1,,,False,False,0 days 01:58:10.416000,,,,
11.0,6,0 days 00:01:34.706000,1,,,False,False,0 days 01:58:11.830000,,,,
,6,,1,9.0,,False,False,0 days 01:58:13.549000,,,,
,22,,1,11.0,,False,False,0 days 01:58:13.549000,,,,
,63,,1,9.0,,False,False,0 days 01:58:13.549000,,,,
,5,,1,14.0,,False,False,0 days 01:58:18.551000,,,,
11.0,47,,1,,,False,False,0 days 01:58:21.358000,,,,
,47,,1,10.0,,False,False,0 days 01:58:23.550000,,,,
11.0,9,0 days 00:01:36.265000,1,,,False,False,0 days 01:58:23.683000,,,,
,9,,1,12.0,,False,False,0 days 01:58:28.547000,,,,
,16,,1,10.0,,False,False,0 days 01:59:18.564000,,,,
,44,,1,10.0,,False,False,0 days 01:59:18.564000,,,,
,4,,1,12.0,,False,False,0 days 01:59:23.557000,,,,
,77,,1,10.0,,False,False,0 days 01:59:23.557000,,,,
,3,,1,12.0,,False,False,0 days 01:59:28.581000,,,,
,55,,1,10.0,,False,False,0 days 01:59:28.581000,,,,
12.0,18,,1,,,False,False,0 days 01:59:35.609000,,,,
,14,,1,11.0,,False,False,0 days 01:59:38.568000,,,,
,18,,1,12.0,,False,False,0 days 01:59:38.568000,,,,
,31,,1,10.0,,False,False,0 days 01:59:38.568000,,,,
12.0,7,,1,,,False,False,0 days 01:59:39.562000,,,,
12.0,99,,1,,,False,False,0 days 01:59:42.914000,,,,
,7,,1,10.0,,False,False,0 days 01:59:43.561000,,,,
,10,,1,12.0,,False,False,0 days 01:59:43.561000,,,,
,11,,1,12.0,,False,False,0 days 01:59:43.561000,,,,
,99,,1,10.0,,False,False,0 days 01:59:43.561000,,,,
12.0,22,0 days 00:01:34.687000,1,,,False,False,0 days 01:59:45.089000,,,,
,6,,1,10.0,,False,False,0 days 01:59:48.571000,,,,
,22,,1,12.0,,False,False,0 days 01:59:48.571000,,,,
,63,,1,10.0,,False,False,0 days 01:59:48.571000,,,,
,5,,1,15.0,,False,False,0 days 01:59:53.557000,,,,
,47,,1,11.0,,False,False,0 days 01:59:58.587000,,,,
12.0,9,,1,,,False,False,0 days 02:00:00.400000,,,,
,9,,1,13.0,,False,False,0 days 02:00:03.572000,,,,
,16,,1,11.0,,False,False,0 days 02:00:53.568000,,,,
,44,,1,11.0,,False,False,0 days 02:00:53.568000,,,,
,4,,1,13.0,,False,False,0 days 02:00:58.594000,,,,
,77,,1,11.0,,False,False,0 days 02:00:58.594000,,,,
,3,,1,13.0,,False,False,0 days 02:01:03.564000,,,,
,55,,1,11.0,,False,False,0 days 02:01:03.564000,,,,
13.0,14,0 days 00:01:33.869000,1,,,False,False,0 days 02:01:08.617000,,,,
13.0,18,0 days 00:01:34.227000,1,,,False,False,0 days 02:01:09.833000,,,,
,14,,1,12.0,,False,False,0 days 02:01:13.562000,,,,
,18,,1,13.0,,False,False,0 days 02:01:13.562000,,,,
,31,,1,11.0,,False,False,0 days 02:01:13.562000,,,,
,7,,1,11.0,,False,False,0 days 02:01:18.559000,,,,
,10,,1,13.0,,False,False,0 days 02:01:18.559000,,,,
,11,,1,13.0,,False,False,0 days 02:01:18.559000,,,,
,99,,1,11.0,,False,False,0 days 02:01:18.559000,,,,
13.0,22,,1,,,False,False,0 days 02:01:20.398000,,,,
,5,,1,16.0,,False,False,0 days 02:01:23.561000,,,,
,6,,1,11.0,,False,False,0 days 02:01:23.561000,,,,
,22,,1,13.0,,False,False,0 days 02:01:23.561000,,,,
,63,,1,11.0,,False,False,0 days 02:01:23.561000,,,,
,9,,1,14.0,,False,False,0 days 02:01:38.569000,,,,
,47,,1,12.0,,False,False,0 days 02:01:38.569000,,,,
14.0,16,0 days 00:01:32.744000,1,,,False,False,0 days 02:02:21.381000,,,,
,16,,1,12.0,,False,False,0 days 02:02:23.586000,,,,
,44,,1,12.0,,False,False,0 days 02:02:23.586000,,,,
,4,,1,14.0,,False,False,0 days 02:02:28.573000,,,,
,77,,1,12.0,,False,False,0 days 02:02:33.578000,,,,
,3,,1,14.0,,False,False,0 days 02:02:38.576000,,,,
,55,,1,12.0,,False,False,0 days 02:02:38.576000,,,,
14.0,14,0 days 00:01:33.677000,1,,,False,False,0 days 02:02:42.312000,,,,
,14,,1,13.0,,False,False,0 days 02:02:43.585000,,,,
14.0,18,0 days 00:01:34.191000,1,,,False,False,0 days 02:02:44.027000,,,,
14.0,31,0 days 00:01:34.389000,1,,,False,False,0 days 02:02:46.940000,,,,
,18,,1,14.0,,False,False,0 days 02:02:48.570000,,,,
,31,,1,12.0,,False,False,0 days 02:02:48.570000,,,,
,7,,1,12.0,,False,False,0 days 02:02:53.586000,,,,
,10,,1,14.0,,False,False,0 days 02:02:53.586000,,,,
,11,,1,14.0,,False,False,0 days 02:02:53.586000,,,,
,99,,1,12.0,,False,False,0 days 02:02:53.586000,,,,
14.0,63,0 days 00:01:34.693000,1,,,False,False,0 days 02:02:54.345000,,,,
14.0,22,0 days 00:01:34.639000,1,,,False,False,0 days 02:02:55.029000,,,,
14.0,5,0 days 00:01:34.351000,1,,,False,False,0 days 02:02:57.546000,,,,
,5,,1,17.0,,False,False,0 days 02:02:58.585000,,,,
,6,,1,12.0,,False,False,0 days 02:02:58.585000,,,,
,22,,1,14.0,,False,False,0 days 02:02:58.585000,,,,
,63,,1,12.0,,False,False,0 days 02:02:58.585000,,,,
14.0,47,0 days 00:01:36.074000,1,,,False,False,0 days 02:03:10.507000,,,,
,9,,1,15.0,,False,False,0 days 02:03:13.583000,,,,
,47,,1,13.0,,False,False,0 days 02:03:13.583000,,,,
15.0,44,0 days 00:01:32.713000,1,,,False,False,0 days 02:03:55.850000,,,,
,16,,1,13.0,,False,False,0 days 02:03:58.579000,,,,
,44,,1,13.0,,False,False,0 days 02:03:58.579000,,,,
15.0,4,0 days 00:01:32.827000,1,,,False,False,0 days 02:04:00.122000,,,,
,44,,1,,,False,False,0 days 02:04:02.028000,1.0,,,
15.0,77,0 days 00:01:32.694000,1,,,False,False,0 days 02:04:02.028000,3.0,,,
,4,,1,15.0,,False,False,0 days 02:04:03.583000,,,,
,77,,1,13.0,,False,False,0 days 02:04:03.583000,,,,
15.0,55,0 days 00:01:33.598000,1,,,False,False,0 days 02:04:10.087000,,,,
,3,,1,15.0,,False,False,0 days 02:04:13.574000,,,,
,55,,1,13.0,,False,False,0 days 02:04:13.574000,,,,
15.0,14,0 days 00:01:33.553000,1,,,False,False,0 days 02:04:15.846000,,,,
15.0,18,0 days 00:01:33.936000,1,,,False,False,0 days 02:04:17.969000,,,,
,14,,1,14.0,,False,False,0 days 02:04:18.570000,,,,
,18,,1,15.0,,False,False,0 days 02:04:18.570000,,,,
15.0,31,0 days 00:01:34.090000,1,,,False,False,0 days 02:04:21.007000,,,,
15.0,7,0 days 00:01:34.264000,1,,,False,False,0 days 02:04:23.329000,,,,
,7,,1,13.0,,False,False,0 days 02:04:23.579000,,,,
,31,,1,13.0,,False,False,0 days 02:04:23.579000,,,,
15.0,10,0 days 00:01:34.227000,1,,,False,False,0 days 02:04:24.012000,,,,
15.0,99,0 days 00:01:34.571000,1,,,False,False,0 days 02:04:28.520000,,,,
,10,,1,15.0,,False,False,0 days 02:04:28.582000,,,,
,11,,1,15.0,,False,False,0 days 02:04:28.582000,,,,
,63,,1,13.0,,False,False,0 days 02:04:28.582000,,,,
,99,,1,13.0,,False,False,0 days 02:04:28.582000,,,,
15.0,63,0 days 00:01:34.282000,1,,,False,False,0 days 02:04:28.626000,,,,
15.0,22,0 days 00:01:34.299000,1,,,False,False,0 days 02:04:29.333000,,,,
15.0,6,0 days 00:01:34.273000,1,,,False,False,0 days 02:04:31.001000,,,,
15.0,5,,1,,,False,False,0 days 02:04:32.165000,,,,
,5,,1,18.0,,False,False,0 days 02:04:33.572000,,,,
,6,,1,13.0,,False,False,0 days 02:04:33.572000,,,,
,22,,1,15.0,,False,False,0 days 02:04:33.572000,,,,
15.0,47,0 days 00:01:35.820000,1,,,False,False,0 days 02:04:46.320000,,,,
,47,,1,14.0,,False,False,0 days 02:04:48.575000,,,,
15.0,9,0 days 00:01:36.104000,1,,,False,False,0 days 02:04:49.278000,,,,
,9,,1,16.0,,False,False,0 days 02:04:53.579000,,,,
16.0,16,0 days 00:01:32.623000,1,,,False,False,0 days 02:05:27.310000,3.0,,,
,77,,1,,,False,False,0 days 02:05:27.310000,1.0,,,
,16,,1,,,False,False,0 days 02:05:28.376000,1.0,,,
16.0,44,0 days 00:01:32.473000,1,,,False,False,0 days 02:05:28.376000,3.0,,,
,16,,1,14.0,,False,False,0 days 02:05:28.589000,,,,
,44,,1,14.0,,False,False,0 days 02:05:28.589000,,,,
16.0,4,0 days 00:01:32.778000,1,,,False,False,0 days 02:05:32.891000,,,,
,4,,1,16.0,,False,False,0 days 02:05:33.577000,,,,
,44,,1,,,False,False,0 days 02:05:34.383000,1.0,,,
16.0,77,0 days 00:01:32.415000,1,,,False,False,0 days 02:05:34.383000,3.0,,,
,77,,1,14.0,,False,False,0 days 02:05:38.577000,,,,
16.0,3,0 days 00:01:33.497000,1,,,False,False,0 days 02:05:42.003000,,,,
,3,,1,16.0,,False,False,0 days 02:05:43.577000,,,,
16.0,55,,1,,,False,False,0 days 02:05:43.741000,,,,
,55,,1,14.0,,False,False,0 days 02:05:48.576000,,,,
16.0,14,0 days 00:01:33.434000,1,,,False,False,0 days 02:05:49.302000,,,,
16.0,18,0 days 00:01:33.779000,1,,,False,False,0 days 02:05:51.753000,,,,
,14,,1,15.0,,False,False,0 days 02:05:53.573000,,,,
,18,,1,16.0,,False,False,0 days 02:05:53.573000,,,,
16.0,31,,1,,,False,False,0 days 02:05:55.195000,,,,
16.0,7,,1,,,False,False,0 days 02:05:57.633000,,,,
16.0,10,,1,,,False,False,0 days 02:05:58.355000,,,,
,7,,1,14.0,,False,False,0 days 02:05:58.588000,,,,
,10,,1,16.0,,False,False,0 days 02:05:58.588000,,,,
,31,,1,14.0,,False,False,0 days 02:05:58.588000,,,,
16.0,99,0 days 00:01:34.554000,1,,,False,False,0 days 02:06:01.429000,,,,
16.0,63,,1,,,False,False,0 days 02:06:03.011000,,,,
,11,,1,16.0,,False,False,0 days 02:06:03.581000,,,,
,63,,1,14.0,,False,False,0 days 02:06:03.581000,,,,
,99,,1,14.0,,False,False,0 days 02:06:03.581000,,,,
16.0,22,,1,,,False,False,0 days 02:06:03.866000,,,,
16.0,6,,1,,,False,False,0 days 02:06:05.501000,,,,
,5,,1,19.0,,False,False,0 days 02:06:08.578000,,,,
,6,,1,14.0,,False,False,0 days 02:06:08.578000,,,,
,22,,1,16.0,,False,False,0 days 02:06:08.578000,,,,
16.0,47,0 days 00:01:35.631000,1,,,False,False,0 days 02:06:21.983000,,,,
,47,,1,15.0,,False,False,0 days 02:06:23.575000,,,,
16.0,9,,1,,,False,False,0 days 02:06:25.410000,,,,
,9,,1,17.0,,False,False,0 days 02:06:28.579000,,,,
17.0,16,0 days 00:01:32.475000,1,,,False,False,0 days 02:06:59.747000,,,,
17.0,44,0 days 00:01:32.291000,1,,,False,False,0 days 02:07:00.661000,3.0,,,
,77,,1,,,False,False,0 days 02:07:00.661000,1.0,,,
,16,,1,15.0,,False,False,0 days 02:07:03.584000,,,,
,44,,1,15.0,,False,False,0 days 02:07:03.584000,,,,
17.0,4,0 days 00:01:32.586000,1,,,False,False,0 days 02:07:05.530000,,,,
17.0,77,,1,,,False,False,0 days 02:07:06.839000,,,,
,4,,1,17.0,,False,False,0 days 02:07:08.585000,,,,
,77,,1,15.0,,False,False,0 days 02:07:08.585000,,,,
17.0,3,,1,,,False,False,0 days 02:07:15.623000,,,,
17.0,55,0 days 00:01:33.202000,1,,,False,False,0 days 02:07:16.918000,,,,
,3,,1,17.0,,False,False,0 days 02:07:18.580000,,,,
,55,,1,15.0,,False,False,0 days 02:07:18.580000,,,,
17.0,14,0 days 00:01:33.261000,1,,,False,False,0 days 02:07:22.547000,,,,
,14,,1,16.0,,False,False,0 days 02:07:23.585000,,,,
17.0,18,0 days 00:01:33.331000,1,,,False,False,0 days 02:07:25.082000,,,,
,18,,1,17.0,,False,False,0 days 02:07:28.580000,,,,
17.0,31,0 days 00:01:33.975000,1,,,False,False,0 days 02:07:29.177000,,,,
17.0,7,0 days 00:01:34.142000,1,,,False,False,0 days 02:07:31.722000,,,,
17.0,10,0 days 00:01:34.135000,1,,,False,False,0 days 02:07:32.449000,,,,
,7,,1,15.0,,False,False,0 days 02:07:33.580000,,,,
,10,,1,17.0,,False,False,0 days 02:07:33.580000,,,,
,11,,1,17.0,,False,False,0 days 02:07:33.580000,,,,
,31,,1,15.0,,False,False,0 days 02:07:33.580000,,,,
17.0,99,0 days 00:01:34.051000,1,,,False,False,0 days 02:07:35.498000,,,,
17.0,63,0 days 00:01:34.122000,1,,,False,False,0 days 02:07:37.178000,,,,
17.0,22,0 days 00:01:34.283000,1,,,False,False,0 days 02:07:38.151000,,,,
,22,,1,17.0,,False,False,0 days 02:07:38.581000,,,,
,63,,1,15.0,,False,False,0 days 02:07:38.581000,,,,
,99,,1,15.0,,False,False,0 days 02:07:38.581000,,,,
17.0,5,0 days 00:01:34.168000,1,,,False,False,0 days 02:07:40.994000,,,,
,5,,1,20.0,,False,False,0 days 02:07:43.582000,,,,
,6,,1,15.0,,False,False,0 days 02:07:43.582000,,,,
17.0,47,,1,,,False,False,0 days 02:07:57.835000,,,,
,47,,1,16.0,,False,False,0 days 02:07:58.591000,,,,
17.0,9,0 days 00:01:35.735000,1,,,False,False,0 days 02:08:01.132000,,,,
,9,,1,18.0,,False,False,0 days 02:08:03.586000,,,,
18.0,16,0 days 00:01:32.296000,1,,,False,False,0 days 02:08:32.062000,,,,
18.0,44,,1,,,False,False,0 days 02:08:33.177000,,,,
,16,,1,16.0,,False,False,0 days 02:08:33.598000,,,,
,44,,1,16.0,,False,False,0 days 02:08:33.598000,,,,
18.0,4,0 days 00:01:32.520000,1,,,False,False,0 days 02:08:38.013000,,,,
,4,,1,18.0,,False,False,0 days 02:08:38.585000,,,,
,77,,1,16.0,,False,False,0 days 02:08:43.587000,,,,
18.0,55,0 days 00:01:33.192000,1,,,False,False,0 days 02:08:50.114000,,,,
,3,,1,18.0,,False,False,0 days 02:08:53.593000,,,,
,55,,1,16.0,,False,False,0 days 02:08:53.593000,,,,
18.0,14,,1,,,False,False,0 days 02:08:55.955000,,,,
18.0,18,,1,,,False,False,0 days 02:08:58.533000,,,,
,14,,1,17.0,,False,False,0 days 02:08:58.595000,,,,
18.0,31,,1,,,False,False,0 days 02:09:03.186000,,,,
,18,,1,18.0,,False,False,0 days 02:09:03.588000,,,,
,31,,1,16.0,,False,False,0 days 02:09:03.588000,,,,
18.0,7,,1,,,False,False,0 days 02:09:05.476000,,,,
,7,0 days 00:01:33.762000,1,,,False,False,0 days 02:09:05.511000,,,,
18.0,11,0 days 00:01:33.404000,1,,,False,False,0 days 02:09:06.628000,,,,
18.0,10,,1,,,False,False,0 days 02:09:06.757000,,,,
,7,,1,16.0,,False,False,0 days 02:09:08.586000,,,,
,10,,1,18.0,,False,False,0 days 02:09:08.586000,,,,
,11,,1,18.0,,False,False,0 days 02:09:08.586000,,,,
18.0,99,,1,,,False,False,0 days 02:09:09.855000,,,,
18.0,63,0 days 00:01:32.972000,1,,,False,False,0 days 02:09:10.099000,,,,
18.0,22,0 days 00:01:34.152000,1,,,False,False,0 days 02:09:12.298000,,,,
,22,,1,18.0,,False,False,0 days 02:09:13.594000,,,,
,63,,1,16.0,,False,False,0 days 02:09:13.594000,,,,
,99,,1,16.0,,False,False,0 days 02:09:13.594000,,,,
18.0,5,,1,,,False,False,0 days 02:09:15.156000,,,,
,5,0 days 00:01:33.837000,1,,,False,False,0 days 02:09:15.171000,,,,
,5,,1,21.0,,False,False,0 days 02:09:18.585000,,,,
,6,,1,16.0,,False,False,0 days 02:09:18.585000,,,,
,7,,2,0.0,HARD,True,True,0 days 02:09:28.618000,0.0,,0.0,
,11,,2,0.0,MEDIUM,True,True,0 days 02:09:33.605000,0.0,,0.0,
,63,,2,0.0,HARD,True,True,0 days 02:09:33.605000,0.0,,0.0,
18.0,9,0 days 00:01:35.376000,1,,,False,False,0 days 02:09:36.511000,,,,
,5,,2,2.0,HARD,False,True,0 days 02:09:38.634000,0.0,,2.0,
,9,,1,19.0,,False,False,0 days 02:09:38.634000,,,,
,47,,1,17.0,,False,False,0 days 02:09:38.634000,,,,
19.0,16,0 days 00:01:31.985000,1,,,False,False,0 days 02:10:04.113000,3.0,,,
,44,,1,,,False,False,0 days 02:10:04.113000,1.0,,,
,16,,1,17.0,,False,False,0 days 02:10:08.611000,,,,
,44,,1,17.0,,False,False,0 days 02:10:08.611000,,,,
19.0,4,,1,,,False,False,0 days 02:10:10.578000,,,,
,4,,1,19.0,,False,False,0 days 02:10:13.626000,,,,
,77,,1,17.0,,False,False,0 days 02:10:13.626000,,,,
19.0,3,0 days 00:01:33.389000,1,,,False,False,0 days 02:10:22.619000,,,,
19.0,55,,1,,,False,False,0 days 02:10:23.453000,,,,
,3,,1,19.0,,False,False,0 days 02:10:23.627000,,,,
,55,,1,17.0,,False,False,0 days 02:10:23.627000,,,,
19.0,14,0 days 00:01:33.180000,1,,,False,False,0 days 02:10:29.123000,,,,
,14,,1,18.0,,False,False,0 days 02:10:33.622000,,,,
,18,,1,19.0,,False,False,0 days 02:10:33.622000,,,,
19.0,31,0 days 00:01:33.472000,1,,,False,False,0 days 02:10:36.670000,,,,
,31,,1,17.0,,False,False,0 days 02:10:38.629000,,,,
19.0,10,0 days 00:01:32.960000,1,,,False,False,0 days 02:10:39.701000,,,,
,10,,1,19.0,,False,False,0 days 02:10:43.608000,,,,
19.0,99,0 days 00:01:34.034000,1,,,False,False,0 days 02:10:43.904000,,,,
19.0,22,0 days 00:01:33.552000,1,,,False,False,0 days 02:10:45.920000,,,,
19.0,6,0 days 00:01:33.034000,1,,,False,False,0 days 02:10:47.366000,,,,
,6,,1,17.0,,False,False,0 days 02:10:48.648000,,,,
,22,,1,19.0,,False,False,0 days 02:10:48.648000,,,,
,99,,1,17.0,,False,False,0 days 02:10:48.648000,,,,
,7,,2,1.0,,False,False,0 days 02:10:58.646000,,,,
,11,,2,1.0,,False,False,0 days 02:11:03.634000,,,,
,31,,2,0.0,HARD,True,True,0 days 02:11:03.634000,0.0,,0.0,
,63,,2,1.0,,False,False,0 days 02:11:03.634000,,,,
,5,,2,3.0,,False,False,0 days 02:11:08.641000,,,,
19.0,9,,1,,,False,False,0 days 02:11:12.493000,,,,
,6,,2,0.0,HARD,True,True,0 days 02:11:13.633000,0.0,,0.0,
,9,,1,20.0,,False,False,0 days 02:11:13.633000,,,,
,47,,1,18.0,,False,False,0 days 02:11:13.633000,,,,
20.0,16,,1,,,False,False,0 days 02:11:36.196000,,,,
20.0,44,0 days 00:01:32.076000,1,,,False,False,0 days 02:11:37.860000,,,,
,16,,1,18.0,,False,False,0 days 02:11:38.633000,,,,
,44,,1,18.0,,False,False,0 days 02:11:38.633000,,,,
20.0,4,0 days 00:01:32.293000,1,,,False,False,0 days 02:11:42.900000,,,,
,4,,1,20.0,,False,False,0 days 02:11:43.624000,,,,
20.0,77,0 days 00:01:32.409000,1,,,False,False,0 days 02:11:44.459000,,,,
,77,,1,18.0,,False,False,0 days 02:11:48.654000,,,,
20.0,3,,1,,,False,False,0 days 02:11:54.758000,,,,
,3,0 days 00:01:32.164000,1,,,False,False,0 days 02:11:54.791000,,,,
20.0,55,0 days 00:01:32.730000,1,,,False,False,0 days 02:11:56.210000,,,,
,3,,1,20.0,,False,False,0 days 02:11:58.655000,,,,
,55,,1,18.0,,False,False,0 days 02:11:58.655000,,,,
20.0,14,0 days 00:01:33.097000,1,,,False,False,0 days 02:12:02.370000,,,,
,14,,1,19.0,,False,False,0 days 02:12:03.648000,,,,
,18,,1,20.0,,False,False,0 days 02:12:08.654000,,,,
20.0,10,0 days 00:01:32.932000,1,,,False,False,0 days 02:12:12.659000,,,,
,10,,1,20.0,,False,False,0 days 02:12:13.628000,,,,
20.0,99,0 days 00:01:33.478000,1,,,False,False,0 days 02:12:17.360000,,,,
,3,,2,0.0,HARD,True,True,0 days 02:12:18.682000,0.0,,0.0,
,99,,1,18.0,,False,False,0 days 02:12:18.682000,,,,
20.0,22,0 days 00:01:33.125000,1,,,False,False,0 days 02:12:18.998000,,,,
,22,,1,20.0,,False,False,0 days 02:12:23.629000,,,,
,7,,2,2.0,,False,False,0 days 02:12:33.649000,,,,
,11,,2,2.0,,False,False,0 days 02:12:33.649000,,,,
,31,,2,1.0,,False,False,0 days 02:12:33.649000,,,,
20.0,7,0 days 00:01:34.157000,2,,,False,False,0 days 02:12:33.822000,,,,
,11,,1,,,False,False,0 days 02:12:33.822000,0.0,,,
20.0,11,0 days 00:01:32.816000,2,,,False,False,0 days 02:12:33.822000,1.0,,,
,63,,2,2.0,,False,False,0 days 02:12:38.661000,,,,
,63,,1,,,False,False,0 days 02:12:39.022000,0.0,,,
20.0,63,0 days 00:01:33.230000,2,,,False,False,0 days 02:12:39.022000,1.0,,,
,5,,2,4.0,,False,False,0 days 02:12:43.666000,,,,
,6,,2,1.0,,False,False,0 days 02:12:43.666000,,,,
,5,,1,,,False,False,0 days 02:12:43.883000,0.0,,,
20.0,5,0 days 00:01:33.442000,2,,,False,False,0 days 02:12:43.883000,1.0,,,
20.0,47,0 days 00:01:35.630000,1,,,False,False,0 days 02:12:46.427000,,,,
,47,,1,19.0,,False,False,0 days 02:12:48.652000,,,,
,9,,1,21.0,,False,False,0 days 02:12:53.664000,,,,
21.0,16,0 days 00:01:31.974000,1,,,False,False,0 days 02:13:08.172000,,,,
,16,,1,19.0,,False,False,0 days 02:13:08.656000,,,,
,44,,1,19.0,,False,False,0 days 02:13:13.655000,,,,
21.0,4,,1,,,False,False,0 days 02:13:14.263000,,,,
,4,0 days 00:01:31.418000,1,,,False,False,0 days 02:13:14.304000,,,,
21.0,77,,1,,,False,False,0 days 02:13:16.904000,,,,
,4,,1,21.0,,False,False,0 days 02:13:18.680000,,,,
,77,,1,19.0,,False,False,0 days 02:13:18.680000,,,,
21.0,55,0 days 00:01:32.457000,1,,,False,False,0 days 02:13:28.666000,,,,
,55,,1,19.0,,False,False,0 days 02:13:33.637000,,,,
21.0,14,0 days 00:01:32.950000,1,,,False,False,0 days 02:13:35.217000,,,,
,14,,1,20.0,,False,False,0 days 02:13:38.674000,,,,
21.0,18,0 days 00:01:33.285000,1,,,False,False,0 days 02:13:38.728000,,,,
,4,,2,0.0,HARD,True,True,0 days 02:13:43.649000,0.0,,0.0,
,18,,1,21.0,,False,False,0 days 02:13:43.649000,,,,
21.0,10,0 days 00:01:32.788000,1,,,False,False,0 days 02:13:45.404000,,,,
,3,,2,1.0,,False,False,0 days 02:13:48.644000,,,,
,10,,1,21.0,,False,False,0 days 02:13:48.644000,,,,
21.0,99,,1,,,False,False,0 days 02:13:51.112000,,,,
21.0,22,,1,,,False,False,0 days 02:13:52.710000,,,,
,22,,1,21.0,,False,False,0 days 02:13:53.646000,,,,
,99,,1,19.0,,False,False,0 days 02:13:53.646000,,,,
,31,,2,2.0,,False,False,0 days 02:14:03.645000,,,,
,31,,1,,,False,False,0 days 02:14:03.688000,0.0,,,
21.0,31,0 days 00:01:32.946000,2,,,False,False,0 days 02:14:03.688000,1.0,,,
21.0,11,0 days 00:01:32.609000,2,,,False,False,0 days 02:14:04.050000,,,,
,7,,1,,,False,False,0 days 02:14:06.377000,0.0,,,
21.0,7,0 days 00:01:33.789000,2,,,False,False,0 days 02:14:06.377000,1.0,,,
21.0,63,,2,,,False,False,0 days 02:14:08.545000,,,,
,7,,2,3.0,,False,False,0 days 02:14:08.650000,,,,
,11,,2,3.0,,False,False,0 days 02:14:08.650000,,,,
,63,,2,3.0,,False,False,0 days 02:14:08.650000,,,,
21.0,5,0 days 00:01:33.436000,2,,,False,False,0 days 02:14:15.035000,,,,
,5,,2,5.0,,False,False,0 days 02:14:18.642000,,,,
,6,,2,2.0,,False,False,0 days 02:14:18.642000,,,,
,6,,1,,,False,False,0 days 02:14:18.712000,0.0,,,
21.0,6,0 days 00:01:33.566000,2,,,False,False,0 days 02:14:18.712000,1.0,,,
,47,,1,20.0,,False,False,0 days 02:14:23.643000,,,,
,9,,1,22.0,,False,False,0 days 02:14:28.641000,,,,
22.0,16,,1,,,False,False,0 days 02:14:40.382000,,,,
,16,,1,20.0,,False,False,0 days 02:14:43.650000,,,,
,44,,1,20.0,,False,False,0 days 02:14:43.650000,,,,
22.0,77,0 days 00:01:31.869000,1,,,False,False,0 days 02:14:48.797000,,,,
,77,,1,20.0,,False,False,0 days 02:14:53.645000,,,,
22.0,55,0 days 00:01:32.366000,1,,,False,False,0 days 02:15:01.028000,,,,
,55,,1,20.0,,False,False,0 days 02:15:03.653000,,,,
,14,,1,21.0,,False,False,0 days 02:15:08.652000,,,,
22.0,18,,1,,,False,False,0 days 02:15:12.502000,,,,
,4,,2,1.0,,False,False,0 days 02:15:13.650000,,,,
,18,,1,22.0,,False,False,0 days 02:15:13.650000,,,,
,77,,2,0.0,HARD,True,True,0 days 02:15:13.650000,0.0,,0.0,
22.0,10,,1,,,False,False,0 days 02:15:18.322000,,,,
,10,,1,22.0,,False,False,0 days 02:15:18.657000,,,,
,3,,2,2.0,,False,False,0 days 02:15:23.647000,,,,
,3,,1,,,False,False,0 days 02:15:23.677000,0.0,,,
22.0,3,0 days 00:01:32.711000,2,,,False,False,0 days 02:15:23.677000,1.0,,,
,22,,1,22.0,,False,False,0 days 02:15:28.649000,,,,
,99,,1,20.0,,False,False,0 days 02:15:28.649000,,,,
22.0,11,0 days 00:01:32.062000,2,,,False,False,0 days 02:15:36.185000,,,,
22.0,31,,2,,,False,False,0 days 02:15:37.133000,,,,
,11,,2,4.0,,False,False,0 days 02:15:38.672000,,,,
,31,,2,3.0,,False,False,0 days 02:15:38.672000,,,,
22.0,7,,2,,,False,False,0 days 02:15:40.306000,,,,
,7,,2,4.0,,False,False,0 days 02:15:43.647000,,,,
,63,,2,4.0,,False,False,0 days 02:15:43.647000,,,,
22.0,6,0 days 00:01:33.515000,2,,,False,False,0 days 02:15:47.081000,,,,
22.0,5,0 days 00:01:33.203000,2,,,False,False,0 days 02:15:48.186000,,,,
,5,,2,6.0,,False,False,0 days 02:15:48.656000,,,,
,6,,2,3.0,,False,False,0 days 02:15:48.656000,,,,
22.0,47,0 days 00:01:35.452000,1,,,False,False,0 days 02:15:57.805000,,,,
,47,,1,21.0,,False,False,0 days 02:15:58.660000,,,,
,9,,1,23.0,,False,False,0 days 02:16:03.664000,,,,
,16,,1,21.0,,False,False,0 days 02:16:13.653000,,,,
,44,,1,21.0,,False,False,0 days 02:16:18.653000,,,,
23.0,55,0 days 00:01:32.064000,1,,,False,False,0 days 02:16:33.125000,,,,
,55,,1,21.0,,False,False,0 days 02:16:33.660000,,,,
,4,,2,2.0,,False,False,0 days 02:16:43.670000,,,,
,77,,2,1.0,,False,False,0 days 02:16:43.670000,,,,
23.0,4,0 days 00:01:33.509000,2,,,False,False,0 days 02:16:43.690000,,,,
23.0,18,0 days 00:01:32.955000,1,,,False,False,0 days 02:16:45.467000,,,,
,14,,1,22.0,,False,False,0 days 02:16:48.655000,,,,
,18,,1,23.0,,False,False,0 days 02:16:48.655000,,,,
23.0,3,0 days 00:01:32.212000,2,,,False,False,0 days 02:16:53.013000,,,,
,3,,2,3.0,,False,False,0 days 02:16:53.649000,,,,
,10,,1,23.0,,False,False,0 days 02:16:53.649000,,,,
23.0,99,0 days 00:01:33.119000,1,,,False,False,0 days 02:16:57.946000,,,,
,99,,1,21.0,,False,False,0 days 02:16:58.656000,,,,
,22,,1,23.0,,False,False,0 days 02:17:03.655000,,,,
23.0,11,,2,,,False,False,0 days 02:17:08.435000,,,,
,11,,2,5.0,,False,False,0 days 02:17:08.683000,,,,
,18,,2,2.0,HARD,False,True,0 days 02:17:08.683000,0.0,,2.0,
,31,,2,4.0,,False,False,0 days 02:17:13.661000,,,,
,7,,2,5.0,,False,False,0 days 02:17:18.663000,,,,
,63,,2,5.0,,False,False,0 days 02:17:18.663000,,,,
23.0,6,0 days 00:01:33.497000,2,,,False,False,0 days 02:17:20.570000,,,,
23.0,5,,2,,,False,False,0 days 02:17:21.508000,,,,
,5,,2,7.0,,False,False,0 days 02:17:23.673000,,,,
,6,,2,4.0,,False,False,0 days 02:17:23.673000,,,,
,99,,2,0.0,HARD,True,True,0 days 02:17:23.673000,0.0,,0.0,
23.0,47,0 days 00:01:35.387000,1,,,False,False,0 days 02:17:33.212000,,,,
,47,,1,22.0,,False,False,0 days 02:17:33.687000,,,,
,9,,1,24.0,,False,False,0 days 02:17:38.677000,,,,
,16,,1,22.0,,False,False,0 days 02:17:48.683000,,,,
,44,,1,22.0,,False,False,0 days 02:17:48.683000,,,,
,55,,1,22.0,,False,False,0 days 02:18:08.668000,,,,
,77,,2,2.0,,False,False,0 days 02:18:13.674000,,,,
,77,,1,,,False,False,0 days 02:18:13.768000,0.0,,,
24.0,77,0 days 00:01:31.988000,2,,,False,False,0 days 02:18:13.768000,1.0,,,
24.0,4,,2,,,False,False,0 days 02:18:15.724000,,,,
,4,0 days 00:01:32.830000,2,,,False,False,0 days 02:18:15.752000,,,,
,4,,2,3.0,,False,False,0 days 02:18:18.664000,,,,
,14,,1,23.0,,False,False,0 days 02:18:18.664000,,,,
,3,,2,4.0,,False,False,0 days 02:18:28.676000,,,,
,10,,1,24.0,,False,False,0 days 02:18:28.676000,,,,
24.0,22,0 days 00:01:32.873000,1,,,False,False,0 days 02:18:32.541000,,,,
,22,,1,24.0,,False,False,0 days 02:18:33.689000,,,,
,18,,2,3.0,,False,False,0 days 02:18:38.668000,,,,
,11,,2,6.0,,False,False,0 days 02:18:43.682000,,,,
,14,,2,0.0,HARD,True,True,0 days 02:18:43.682000,0.0,,0.0,
,7,,2,6.0,,False,False,0 days 02:18:48.674000,,,,
,31,,2,5.0,,False,False,0 days 02:18:48.674000,,,,
,63,,2,6.0,,False,False,0 days 02:18:53.677000,,,,
,99,,2,1.0,,False,False,0 days 02:18:53.677000,,,,
24.0,6,,2,,,False,False,0 days 02:18:54.368000,,,,
,5,,2,8.0,,False,False,0 days 02:18:58.689000,,,,
,6,,2,5.0,,False,False,0 days 02:18:58.689000,,,,
24.0,47,,1,,,False,False,0 days 02:19:07.122000,,,,
,47,0 days 00:01:33.930000,1,,,False,False,0 days 02:19:07.141000,,,,
,47,,1,23.0,,False,False,0 days 02:19:08.688000,,,,
24.0,9,0 days 00:01:34.736000,1,,,False,False,0 days 02:19:10.324000,,,,
,9,,1,25.0,,False,False,0 days 02:19:13.675000,,,,
,16,,1,23.0,,False,False,0 days 02:19:18.674000,,,,
,44,,1,23.0,,False,False,0 days 02:19:23.676000,,,,
,47,,2,0.0,HARD,True,True,0 days 02:19:33.694000,0.0,,0.0,
,16,,1,,,False,False,0 days 02:19:37.276000,1.0,,,
25.0,55,0 days 00:01:31.885000,1,,,False,False,0 days 02:19:37.276000,3.0,,,
,55,,1,23.0,,False,False,0 days 02:19:38.679000,,,,
,55,,1,,,False,False,0 days 02:19:44.762000,1.0,,,
25.0,77,0 days 00:01:31.415000,2,,,False,False,0 days 02:19:44.762000,3.0,,,
,4,,1,,,False,False,0 days 02:19:47.980000,0.0,,,
25.0,4,0 days 00:01:32.274000,2,,,False,False,0 days 02:19:47.980000,1.0,,,
,4,,2,4.0,,False,False,0 days 02:19:48.685000,,,,
,77,,2,3.0,,False,False,0 days 02:19:48.685000,,,,
25.0,10,0 days 00:01:32.784000,1,,,False,False,0 days 02:19:56.914000,,,,
,3,,2,5.0,,False,False,0 days 02:19:58.689000,,,,
,10,,1,25.0,,False,False,0 days 02:19:58.689000,,,,
25.0,22,0 days 00:01:32.681000,1,,,False,False,0 days 02:20:05.245000,,,,
,22,,1,25.0,,False,False,0 days 02:20:08.703000,,,,
,11,,2,7.0,,False,False,0 days 02:20:13.682000,,,,
,14,,2,1.0,,False,False,0 days 02:20:13.682000,,,,
,18,,2,4.0,,False,False,0 days 02:20:13.682000,,,,
25.0,18,0 days 00:01:33.581000,2,,,False,False,0 days 02:20:13.696000,,,,
25.0,31,0 days 00:01:32.939000,2,,,False,False,0 days 02:20:16.513000,,,,
,31,,2,6.0,,False,False,0 days 02:20:18.693000,,,,
25.0,7,0 days 00:01:33.404000,2,,,False,False,0 days 02:20:21.558000,,,,
,7,,2,7.0,,False,False,0 days 02:20:23.685000,,,,
,63,,2,7.0,,False,False,0 days 02:20:23.685000,,,,
,6,,2,6.0,,False,False,0 days 02:20:28.692000,,,,
,99,,2,2.0,,False,False,0 days 02:20:28.692000,,,,
,99,,1,,,False,False,0 days 02:20:28.712000,0.0,,,
25.0,99,0 days 00:01:33.247000,2,,,False,False,0 days 02:20:28.712000,1.0,,,
,5,,2,9.0,,False,False,0 days 02:20:33.685000,,,,
25.0,9,0 days 00:01:33.671000,1,,,False,False,0 days 02:20:43.969000,,,,
,9,,1,26.0,,False,False,0 days 02:20:48.682000,,,,
26.0,44,0 days 00:01:31.854000,1,,,False,False,0 days 02:20:51.305000,,,,
,16,,1,24.0,,False,False,0 days 02:20:53.683000,,,,
,44,,1,24.0,,False,False,0 days 02:20:53.683000,,,,
,9,,2,0.0,HARD,True,True,0 days 02:21:08.699000,0.0,,0.0,
,47,,2,1.0,,False,False,0 days 02:21:08.699000,,,,
26.0,55,0 days 00:01:31.819000,1,,,False,False,0 days 02:21:09.050000,,,,
,55,,1,24.0,,False,False,0 days 02:21:13.693000,,,,
26.0,77,,2,,,False,False,0 days 02:21:16.193000,,,,
,77,,2,4.0,,False,False,0 days 02:21:18.696000,,,,
26.0,4,0 days 00:01:32.040000,2,,,False,False,0 days 02:21:19.993000,,,,
,4,,2,5.0,,False,False,0 days 02:21:23.693000,,,,
26.0,10,0 days 00:01:32.764000,1,,,False,False,0 days 02:21:29.873000,,,,
,3,,2,6.0,,False,False,0 days 02:21:33.701000,,,,
,10,,1,26.0,,False,False,0 days 02:21:33.701000,,,,
26.0,22,0 days 00:01:32.578000,1,,,False,False,0 days 02:21:37.811000,,,,
,22,,1,26.0,,False,False,0 days 02:21:38.693000,,,,
,18,,1,,,False,False,0 days 02:21:44.731000,0.0,,,
26.0,18,0 days 00:01:33.106000,2,,,False,False,0 days 02:21:44.731000,1.0,,,
,11,,2,8.0,,False,False,0 days 02:21:48.689000,,,,
,14,,2,2.0,,False,False,0 days 02:21:48.689000,,,,
,18,,2,5.0,,False,False,0 days 02:21:48.689000,,,,
26.0,14,0 days 00:01:33.077000,2,,,False,False,0 days 02:21:48.926000,,,,
26.0,31,0 days 00:01:32.784000,2,,,False,False,0 days 02:21:49.285000,,,,
,31,,2,7.0,,False,False,0 days 02:21:53.689000,,,,
26.0,7,,2,,,False,False,0 days 02:21:55.253000,,,,
26.0,99,0 days 00:01:33.205000,2,,,False,False,0 days 02:21:57.532000,,,,
,7,,2,8.0,,False,False,0 days 02:21:58.701000,,,,
,63,,2,8.0,,False,False,0 days 02:21:58.701000,,,,
,99,,2,3.0,,False,False,0 days 02:21:58.701000,,,,
26.0,6,0 days 00:01:33.169000,2,,,False,False,0 days 02:22:01.148000,,,,
,5,,2,10.0,,False,False,0 days 02:22:03.702000,,,,
,6,,2,7.0,,False,False,0 days 02:22:03.702000,,,,
,16,,1,25.0,,False,False,0 days 02:22:23.703000,,,,
27.0,44,,1,,,False,False,0 days 02:22:24.151000,,,,
,44,,1,25.0,,False,False,0 days 02:22:28.700000,,,,
,47,,2,2.0,,False,False,0 days 02:22:38.728000,,,,
,47,,1,,,False,False,0 days 02:22:39.016000,0.0,,,
26.0,47,0 days 00:01:34.381000,2,,,False,False,0 days 02:22:39.016000,1.0,,,
27.0,55,,1,,,False,False,0 days 02:22:41.311000,,,,
,9,,2,1.0,,False,False,0 days 02:22:43.706000,,,,
,55,,1,25.0,,False,False,0 days 02:22:43.706000,,,,
,77,,2,5.0,,False,False,0 days 02:22:48.695000,,,,
27.0,4,,2,,,False,False,0 days 02:22:52.044000,,,,
,4,,2,6.0,,False,False,0 days 02:22:53.694000,,,,
27.0,10,,1,,,False,False,0 days 02:23:02.881000,,,,
,10,,1,27.0,,False,False,0 days 02:23:03.712000,,,,
,44,,2,0.0,HARD,True,True,0 days 02:23:03.712000,0.0,,0.0,
,3,,2,7.0,,False,False,0 days 02:23:08.737000,,,,
27.0,22,0 days 00:01:32.577000,1,,,False,False,0 days 02:23:10.385000,,,,
,22,,1,27.0,,False,False,0 days 02:23:13.710000,,,,
,14,,1,,,False,False,0 days 02:23:16.492000,0.0,,,
27.0,14,0 days 00:01:32.901000,2,,,False,False,0 days 02:23:16.492000,1.0,,,
27.0,18,0 days 00:01:32.943000,2,,,False,False,0 days 02:23:17.687000,,,,
,14,,2,3.0,,False,False,0 days 02:23:18.703000,,,,
,18,,2,6.0,,False,False,0 days 02:23:18.703000,,,,
27.0,31,,2,,,False,False,0 days 02:23:22.153000,,,,
,11,,2,9.0,,False,False,0 days 02:23:23.757000,,,,
,31,,2,8.0,,False,False,0 days 02:23:23.757000,,,,
,7,,2,9.0,,False,False,0 days 02:23:28.712000,,,,
27.0,99,,2,,,False,False,0 days 02:23:30.974000,,,,
,63,,2,9.0,,False,False,0 days 02:23:33.706000,,,,
,99,,2,4.0,,False,False,0 days 02:23:33.706000,,,,
27.0,6,,2,,,False,False,0 days 02:23:34.374000,,,,
27.0,5,0 days 00:01:33.158000,2,,,False,False,0 days 02:23:35.270000,,,,
,5,,2,11.0,,False,False,0 days 02:23:38.697000,,,,
,6,,2,8.0,,False,False,0 days 02:23:38.697000,,,,
28.0,16,0 days 00:01:31.958000,1,,,False,False,0 days 02:23:53.018000,,,,
,16,,1,26.0,,False,False,0 days 02:23:53.696000,,,,
28.0,55,0 days 00:01:31.816000,1,,,False,False,0 days 02:24:13.107000,,,,
,55,,1,26.0,,False,False,0 days 02:24:13.710000,,,,
27.0,47,,2,,,False,False,0 days 02:24:13.811000,,,,
,9,,2,2.0,,False,False,0 days 02:24:18.698000,,,,
,47,,2,3.0,,False,False,0 days 02:24:18.698000,,,,
,9,,1,,,False,False,0 days 02:24:19.361000,0.0,,,
27.0,9,0 days 00:01:34.423000,2,,,False,False,0 days 02:24:19.361000,1.0,,,
,77,,2,6.0,,False,False,0 days 02:24:23.698000,,,,
,4,,2,7.0,,False,False,0 days 02:24:28.698000,,,,
,44,,2,1.0,,False,False,0 days 02:24:28.698000,,,,
28.0,10,0 days 00:01:32.660000,1,,,False,False,0 days 02:24:35.544000,,,,
,3,,2,8.0,,False,False,0 days 02:24:38.737000,,,,
,10,,1,28.0,,False,False,0 days 02:24:38.737000,,,,
28.0,22,,1,,,False,False,0 days 02:24:43.046000,,,,
,22,,1,28.0,,False,False,0 days 02:24:43.703000,,,,
,55,,2,0.0,HARD,True,True,0 days 02:24:48.717000,0.0,,0.0,
28.0,14,,2,,,False,False,0 days 02:24:50.124000,,,,
28.0,18,,2,,,False,False,0 days 02:24:51.061000,,,,
,11,,2,10.0,,False,False,0 days 02:24:53.701000,,,,
,14,,2,4.0,,False,False,0 days 02:24:53.701000,,,,
,18,,2,7.0,,False,False,0 days 02:24:53.701000,,,,
,10,,2,0.0,HARD,True,True,0 days 02:24:58.713000,0.0,,0.0,
,31,,2,9.0,,False,False,0 days 02:24:58.713000,,,,
28.0,7,0 days 00:01:33.246000,2,,,False,False,0 days 02:25:02.005000,,,,
,7,,2,10.0,,False,False,0 days 02:25:03.716000,,,,
,63,,2,10.0,,False,False,0 days 02:25:03.716000,,,,
28.0,5,,2,,,False,False,0 days 02:25:08.699000,,,,
,6,,2,9.0,,False,False,0 days 02:25:08.714000,,,,
,99,,2,5.0,,False,False,0 days 02:25:08.714000,,,,
,5,,2,12.0,,False,False,0 days 02:25:13.708000,,,,
29.0,16,0 days 00:01:31.847000,1,,,False,False,0 days 02:25:24.883000,,,,
,16,,1,27.0,,False,False,0 days 02:25:28.710000,,,,
28.0,9,0 days 00:01:34.404000,2,,,False,False,0 days 02:25:47.964000,,,,
,9,,2,3.0,,False,False,0 days 02:25:48.717000,,,,
,16,,2,0.0,HARD,True,True,0 days 02:25:48.717000,0.0,,0.0,
,47,,2,4.0,,False,False,0 days 02:25:53.716000,,,,
,77,,2,7.0,,False,False,0 days 02:25:53.716000,,,,
,4,,2,8.0,,False,False,0 days 02:25:58.729000,,,,
,44,,2,2.0,,False,False,0 days 02:25:58.729000,,,,
,44,,1,,,False,False,0 days 02:25:58.764000,0.0,,,
29.0,44,0 days 00:01:30.762000,2,,,False,False,0 days 02:25:58.764000,3.0,,,
,77,,2,,,False,False,0 days 02:25:58.764000,1.0,,,
,3,,2,9.0,,False,False,0 days 02:26:13.731000,,,,
,22,,1,29.0,,False,False,0 days 02:26:18.718000,,,,
,55,,2,1.0,,False,False,0 days 02:26:18.718000,,,,
,11,,2,11.0,,False,False,0 days 02:26:28.733000,,,,
,14,,2,5.0,,False,False,0 days 02:26:28.733000,,,,
,18,,2,8.0,,False,False,0 days 02:26:28.733000,,,,
,10,,2,1.0,,False,False,0 days 02:26:33.717000,,,,
,31,,2,10.0,,False,False,0 days 02:26:33.717000,,,,
29.0,7,,2,,,False,False,0 days 02:26:35.369000,,,,
,7,,2,11.0,,False,False,0 days 02:26:38.733000,,,,
,63,,2,11.0,,False,False,0 days 02:26:38.733000,,,,
,99,,2,6.0,,False,False,0 days 02:26:38.733000,,,,
,5,,2,13.0,,False,False,0 days 02:26:43.729000,,,,
,6,,2,10.0,,False,False,0 days 02:26:43.729000,,,,
,16,,2,1.0,,False,False,0 days 02:27:18.727000,,,,
29.0,9,,2,,,False,False,0 days 02:27:22.679000,,,,
,9,,2,4.0,,False,False,0 days 02:27:23.724000,,,,
,47,,2,5.0,,False,False,0 days 02:27:28.724000,,,,
,77,,2,8.0,,False,False,0 days 02:27:28.724000,,,,
30.0,44,,2,,,False,False,0 days 02:27:29.423000,,,,
,4,,2,9.0,,False,False,0 days 02:27:33.720000,,,,
,44,,2,3.0,,False,False,0 days 02:27:33.720000,,,,
,3,,2,10.0,,False,False,0 days 02:27:43.730000,,,,
,55,,2,2.0,,False,False,0 days 02:27:48.726000,,,,
,55,,1,,,False,False,0 days 02:27:48.863000,0.0,,,
30.0,55,0 days 00:01:31.306000,2,,,False,False,0 days 02:27:48.863000,1.0,,,
,22,,1,30.0,,False,False,0 days 02:27:53.721000,,,,
,14,,2,6.0,,False,False,0 days 02:27:58.727000,,,,
,18,,2,9.0,,False,False,0 days 02:27:58.727000,,,,
,10,,2,2.0,,False,False,0 days 02:28:03.723000,,,,
,11,,2,12.0,,False,False,0 days 02:28:03.723000,,,,
,31,,2,11.0,,False,False,0 days 02:28:03.723000,,,,
,10,,1,,,False,False,0 days 02:28:03.920000,0.0,,,
30.0,10,0 days 00:01:32.686000,2,,,False,False,0 days 02:28:03.920000,1.0,,,
,7,,2,12.0,,False,False,0 days 02:28:13.727000,,,,
,22,,2,0.0,HARD,True,True,0 days 02:28:13.727000,0.0,,0.0,
,63,,2,12.0,,False,False,0 days 02:28:13.727000,,,,
,99,,2,7.0,,False,False,0 days 02:28:13.727000,,,,
,5,,2,14.0,,False,False,0 days 02:28:18.724000,,,,
,6,,2,11.0,,False,False,0 days 02:28:18.724000,,,,
,16,,2,2.0,,False,False,0 days 02:28:48.729000,,,,
,16,,1,,,False,False,0 days 02:28:49.084000,0.0,,,
31.0,16,0 days 00:01:31.552000,2,,,False,False,0 days 02:28:49.084000,1.0,,,
,77,,2,9.0,,False,False,0 days 02:28:58.758000,,,,
,4,,2,10.0,,False,False,0 days 02:29:03.728000,,,,
,9,,2,5.0,,False,False,0 days 02:29:03.728000,,,,
,44,,2,4.0,,False,False,0 days 02:29:03.728000,,,,
,47,,2,6.0,,False,False,0 days 02:29:03.728000,,,,
31.0,55,,2,,,False,False,0 days 02:29:16.934000,,,,
,3,,2,11.0,,False,False,0 days 02:29:18.738000,,,,
,55,,2,3.0,,False,False,0 days 02:29:18.738000,,,,
,11,,2,13.0,,False,False,0 days 02:29:33.733000,,,,
,14,,2,7.0,,False,False,0 days 02:29:33.733000,,,,
,18,,2,10.0,,False,False,0 days 02:29:33.733000,,,,
,10,,2,3.0,,False,False,0 days 02:29:38.732000,,,,
,31,,2,12.0,,False,False,0 days 02:29:38.732000,,,,
,7,,2,13.0,,False,False,0 days 02:29:43.724000,,,,
,22,,2,1.0,,False,False,0 days 02:29:43.724000,,,,
,63,,2,13.0,,False,False,0 days 02:29:48.729000,,,,
,99,,2,8.0,,False,False,0 days 02:29:48.729000,,,,
,5,,2,15.0,,False,False,0 days 02:29:53.735000,,,,
,6,,2,12.0,,False,False,0 days 02:29:53.735000,,,,
32.0,16,0 days 00:01:31.541000,2,,,False,False,0 days 02:30:19.678000,,,,
,16,,2,3.0,,False,False,0 days 02:30:23.733000,,,,
,44,,2,5.0,,False,False,0 days 02:30:33.735000,,,,
,77,,2,10.0,,False,False,0 days 02:30:33.735000,,,,
,4,,2,11.0,,False,False,0 days 02:30:38.732000,,,,
,9,,2,6.0,,False,False,0 days 02:30:38.732000,,,,
,47,,2,7.0,,False,False,0 days 02:30:38.732000,,,,
,3,,2,12.0,,False,False,0 days 02:30:48.743000,,,,
,55,,2,4.0,,False,False,0 days 02:30:53.740000,,,,
,10,,2,4.0,,False,False,0 days 02:31:08.732000,,,,
,11,,2,14.0,,False,False,0 days 02:31:08.732000,,,,
,14,,2,8.0,,False,False,0 days 02:31:08.732000,,,,
,18,,2,11.0,,False,False,0 days 02:31:08.732000,,,,
,31,,2,13.0,,False,False,0 days 02:31:13.744000,,,,
32.0,7,0 days 00:01:33.057000,2,,,False,False,0 days 02:31:15.232000,,,,
,7,,2,14.0,,False,False,0 days 02:31:18.751000,,,,
,22,,2,2.0,,False,False,0 days 02:31:18.751000,,,,
,63,,2,14.0,,False,False,0 days 02:31:18.751000,,,,
32.0,22,0 days 00:01:32.942000,2,,,False,False,0 days 02:31:18.911000,,,,
,5,,2,16.0,,False,False,0 days 02:31:23.736000,,,,
,6,,2,13.0,,False,False,0 days 02:31:23.736000,,,,
,99,,2,9.0,,False,False,0 days 02:31:23.736000,,,,
33.0,16,,2,,,False,False,0 days 02:31:51.377000,,,,
,16,,2,4.0,,False,False,0 days 02:31:53.741000,,,,
,77,,2,11.0,,False,False,0 days 02:32:03.735000,,,,
,4,,2,12.0,,False,False,0 days 02:32:08.734000,,,,
,44,,2,6.0,,False,False,0 days 02:32:08.734000,,,,
,9,,2,7.0,,False,False,0 days 02:32:13.733000,,,,
,47,,2,8.0,,False,False,0 days 02:32:13.733000,,,,
,3,,2,13.0,,False,False,0 days 02:32:23.734000,,,,
,55,,2,5.0,,False,False,0 days 02:32:23.734000,,,,
,14,,2,9.0,,False,False,0 days 02:32:38.742000,,,,
,18,,2,12.0,,False,False,0 days 02:32:38.742000,,,,
,10,,2,5.0,,False,False,0 days 02:32:43.738000,,,,
,11,,2,15.0,,False,False,0 days 02:32:43.738000,,,,
,31,,2,14.0,,False,False,0 days 02:32:43.738000,,,,
33.0,7,,2,,,False,False,0 days 02:32:48.655000,,,,
,7,,2,15.0,,False,False,0 days 02:32:48.748000,,,,
33.0,22,,2,,,False,False,0 days 02:32:49.656000,,,,
33.0,63,0 days 00:01:33.176000,2,,,False,False,0 days 02:32:51.539000,,,,
,22,,2,3.0,,False,False,0 days 02:32:53.739000,,,,
,63,,2,15.0,,False,False,0 days 02:32:53.739000,,,,
,99,,2,10.0,,False,False,0 days 02:32:53.739000,,,,
33.0,5,0 days 00:01:33.084000,2,,,False,False,0 days 02:32:56.303000,,,,
,5,,2,17.0,,False,False,0 days 02:32:58.738000,,,,
,6,,2,14.0,,False,False,0 days 02:32:58.738000,,,,
,16,,2,5.0,,False,False,0 days 02:33:23.744000,,,,
,77,,2,12.0,,False,False,0 days 02:33:33.756000,,,,
,44,,2,7.0,,False,False,0 days 02:33:38.739000,,,,
,4,,2,13.0,,False,False,0 days 02:33:43.744000,,,,
33.0,9,0 days 00:01:34.320000,2,,,False,False,0 days 02:33:45.431000,,,,
33.0,47,0 days 00:01:34.158000,2,,,False,False,0 days 02:33:46.884000,,,,
,9,,2,8.0,,False,False,0 days 02:33:48.739000,,,,
,47,,2,9.0,,False,False,0 days 02:33:48.739000,,,,
,3,,2,14.0,,False,False,0 days 02:33:53.748000,,,,
,55,,2,6.0,,False,False,0 days 02:33:58.747000,,,,
,11,,2,16.0,,False,False,0 days 02:34:13.775000,,,,
,14,,2,10.0,,False,False,0 days 02:34:13.775000,,,,
,18,,2,13.0,,False,False,0 days 02:34:13.775000,,,,
34.0,31,0 days 00:01:32.764000,2,,,False,False,0 days 02:34:15.158000,,,,
,10,,2,6.0,,False,False,0 days 02:34:18.756000,,,,
,31,,2,15.0,,False,False,0 days 02:34:18.756000,,,,
,7,,2,16.0,,False,False,0 days 02:34:23.744000,,,,
,22,,2,4.0,,False,False,0 days 02:34:23.744000,,,,
34.0,63,0 days 00:01:33.165000,2,,,False,False,0 days 02:34:24.753000,,,,
34.0,99,0 days 00:01:33.200000,2,,,False,False,0 days 02:34:25.962000,,,,
,63,,2,16.0,,False,False,0 days 02:34:28.742000,,,,
,99,,2,11.0,,False,False,0 days 02:34:28.742000,,,,
34.0,5,,2,,,False,False,0 days 02:34:29.813000,,,,
,5,,2,18.0,,False,False,0 days 02:34:33.745000,,,,
,6,,2,15.0,,False,False,0 days 02:34:33.745000,,,,
35.0,16,0 days 00:01:31.448000,2,,,False,False,0 days 02:34:54.835000,,,,
,16,,2,6.0,,False,False,0 days 02:34:58.761000,,,,
35.0,77,0 days 00:01:31.252000,2,,,False,False,0 days 02:35:03.958000,,,,
,44,,2,8.0,,False,False,0 days 02:35:08.754000,,,,
,77,,2,13.0,,False,False,0 days 02:35:08.754000,,,,
35.0,4,0 days 00:01:31.940000,2,,,False,False,0 days 02:35:11.727000,,,,
,4,,2,14.0,,False,False,0 days 02:35:13.770000,,,,
34.0,9,0 days 00:01:34.077000,2,,,False,False,0 days 02:35:19.573000,,,,
34.0,47,0 days 00:01:34.080000,2,,,False,False,0 days 02:35:20.931000,,,,
,9,,2,9.0,,False,False,0 days 02:35:23.752000,,,,
,47,,2,10.0,,False,False,0 days 02:35:23.752000,,,,
,3,,2,15.0,,False,False,0 days 02:35:28.758000,,,,
,55,,2,7.0,,False,False,0 days 02:35:28.758000,,,,
35.0,31,,2,,,False,False,0 days 02:35:48.104000,,,,
,10,,2,7.0,,False,False,0 days 02:35:48.744000,,,,
,11,,2,17.0,,False,False,0 days 02:35:48.744000,,,,
,14,,2,11.0,,False,False,0 days 02:35:48.744000,,,,
,18,,2,14.0,,False,False,0 days 02:35:48.744000,,,,
,31,,2,16.0,,False,False,0 days 02:35:48.744000,,,,
35.0,63,,2,,,False,False,0 days 02:35:57.967000,,,,
,7,,2,17.0,,False,False,0 days 02:35:58.748000,,,,
,22,,2,5.0,,False,False,0 days 02:35:58.748000,,,,
,63,,2,17.0,,False,False,0 days 02:35:58.748000,,,,
35.0,99,,2,,,False,False,0 days 02:35:59.189000,,,,
35.0,6,0 days 00:01:33.146000,2,,,False,False,0 days 02:36:02.281000,,,,
35.0,5,0 days 00:01:33.059000,2,,,False,False,0 days 02:36:02.858000,,,,
,5,,2,19.0,,False,False,0 days 02:36:03.746000,,,,
,6,,2,16.0,,False,False,0 days 02:36:03.746000,,,,
,99,,2,12.0,,False,False,0 days 02:36:03.746000,,,,
36.0,16,0 days 00:01:31.384000,2,,,False,False,0 days 02:36:26.242000,,,,
,16,,2,7.0,,False,False,0 days 02:36:28.756000,,,,
36.0,77,,2,,,False,False,0 days 02:36:35.387000,,,,
,44,,2,9.0,,False,False,0 days 02:36:38.754000,,,,
,77,,2,14.0,,False,False,0 days 02:36:38.754000,,,,
36.0,4,,2,,,False,False,0 days 02:36:43.688000,,,,
,4,,2,15.0,,False,False,0 days 02:36:48.752000,,,,
35.0,9,,2,,,False,False,0 days 02:36:53.644000,,,,
35.0,47,0 days 00:01:33.972000,2,,,False,False,0 days 02:36:54.911000,,,,
,3,,2,16.0,,False,False,0 days 02:36:58.768000,,,,
,9,,2,10.0,,False,False,0 days 02:36:58.768000,,,,
,47,,2,11.0,,False,False,0 days 02:36:58.768000,,,,
,55,,2,8.0,,False,False,0 days 02:37:03.751000,,,,
,14,,2,12.0,,False,False,0 days 02:37:18.760000,,,,
,18,,2,15.0,,False,False,0 days 02:37:18.760000,,,,
,10,,2,8.0,,False,False,0 days 02:37:23.759000,,,,
,11,,2,18.0,,False,False,0 days 02:37:23.759000,,,,
,31,,2,17.0,,False,False,0 days 02:37:23.759000,,,,
,7,,2,18.0,,False,False,0 days 02:37:33.755000,,,,
,22,,2,6.0,,False,False,0 days 02:37:33.755000,,,,
,63,,2,18.0,,False,False,0 days 02:37:33.755000,,,,
,99,,2,13.0,,False,False,0 days 02:37:33.755000,,,,
36.0,6,0 days 00:01:32.932000,2,,,False,False,0 days 02:37:35.005000,,,,
36.0,5,,2,,,False,False,0 days 02:37:36.396000,,,,
,5,,2,20.0,,False,False,0 days 02:37:38.749000,,,,
,6,,2,17.0,,False,False,0 days 02:37:38.749000,,,,
37.0,16,,2,,,False,False,0 days 02:37:57.691000,,,,
,16,,2,8.0,,False,False,0 days 02:37:58.754000,,,,
37.0,77,0 days 00:01:31.094000,2,,,False,False,0 days 02:38:06.483000,,,,
,77,,2,15.0,,False,False,0 days 02:38:08.764000,,,,
,44,,2,10.0,,False,False,0 days 02:38:13.754000,,,,
37.0,4,0 days 00:01:31.848000,2,,,False,False,0 days 02:38:15.556000,,,,
,4,,2,16.0,,False,False,0 days 02:38:18.766000,,,,
,9,,2,11.0,,False,False,0 days 02:38:28.766000,,,,
36.0,47,0 days 00:01:33.959000,2,,,False,False,0 days 02:38:28.883000,,,,
,3,,2,17.0,,False,False,0 days 02:38:33.752000,,,,
,47,,2,12.0,,False,False,0 days 02:38:33.752000,,,,
,55,,2,9.0,,False,False,0 days 02:38:33.752000,,,,
,10,,2,9.0,,False,False,0 days 02:38:53.758000,,,,
,11,,2,19.0,,False,False,0 days 02:38:53.758000,,,,
,14,,2,13.0,,False,False,0 days 02:38:53.758000,,,,
,18,,2,16.0,,False,False,0 days 02:38:53.758000,,,,
,31,,2,18.0,,False,False,0 days 02:38:58.760000,,,,
,7,,2,19.0,,False,False,0 days 02:39:03.761000,,,,
,22,,2,7.0,,False,False,0 days 02:39:03.761000,,,,
37.0,6,,2,,,False,False,0 days 02:39:08.255000,,,,
,6,,2,18.0,,False,False,0 days 02:39:08.756000,,,,
,63,,2,19.0,,False,False,0 days 02:39:08.756000,,,,
,99,,2,14.0,,False,False,0 days 02:39:08.756000,,,,
,5,,2,21.0,,False,False,0 days 02:39:13.760000,,,,
,16,,2,9.0,,False,False,0 days 02:39:33.756000,,,,
38.0,77,0 days 00:01:31.066000,2,,,False,False,0 days 02:39:37.533000,,,,
,77,,2,16.0,,False,False,0 days 02:39:38.763000,,,,
38.0,44,0 days 00:01:30.594000,2,,,False,False,0 days 02:39:39.666000,,,,
,44,,2,11.0,,False,False,0 days 02:39:43.765000,,,,
38.0,4,0 days 00:01:31.823000,2,,,False,False,0 days 02:39:47.387000,,,,
,4,,2,17.0,,False,False,0 days 02:39:48.769000,,,,
37.0,9,0 days 00:01:34.066000,2,,,False,False,0 days 02:40:01.798000,,,,
37.0,47,,2,,,False,False,0 days 02:40:02.981000,,,,
,9,,2,12.0,,False,False,0 days 02:40:03.768000,,,,
,47,,2,13.0,,False,False,0 days 02:40:03.768000,,,,
,3,,2,18.0,,False,False,0 days 02:40:08.773000,,,,
,55,,2,10.0,,False,False,0 days 02:40:08.773000,,,,
,14,,2,14.0,,False,False,0 days 02:40:23.767000,,,,
38.0,11,0 days 00:01:31.900000,2,,,False,False,0 days 02:40:24.090000,,,,
,10,,2,10.0,,False,False,0 days 02:40:28.754000,,,,
,11,,2,20.0,,False,False,0 days 02:40:28.754000,,,,
,18,,2,17.0,,False,False,0 days 02:40:28.754000,,,,
,31,,2,19.0,,False,False,0 days 02:40:28.754000,,,,
,7,,2,20.0,,False,False,0 days 02:40:38.758000,,,,
,22,,2,8.0,,False,False,0 days 02:40:38.758000,,,,
,63,,2,20.0,,False,False,0 days 02:40:38.758000,,,,
38.0,99,0 days 00:01:33.080000,2,,,False,False,0 days 02:40:38.997000,,,,
,5,,2,22.0,,False,False,0 days 02:40:43.767000,,,,
,6,,2,19.0,,False,False,0 days 02:40:43.767000,,,,
,99,,2,15.0,,False,False,0 days 02:40:43.767000,,,,
,11,,3,0.0,MEDIUM,True,True,0 days 02:40:48.761000,0.0,,0.0,
,16,,2,10.0,,False,False,0 days 02:41:03.764000,,,,
39.0,77,,2,,,False,False,0 days 02:41:08.608000,,,,
,77,,2,17.0,,False,False,0 days 02:41:08.774000,,,,
39.0,44,,2,,,False,False,0 days 02:41:10.552000,,,,
,44,,2,12.0,,False,False,0 days 02:41:13.778000,,,,
39.0,4,,2,,,False,False,0 days 02:41:19.422000,,,,
,4,,2,18.0,,False,False,0 days 02:41:23.763000,,,,
38.0,9,,2,,,False,False,0 days 02:41:38.090000,,,,
,3,,2,19.0,,False,False,0 days 02:41:38.770000,,,,
,9,,2,13.0,,False,False,0 days 02:41:38.770000,,,,
,55,,2,11.0,,False,False,0 days 02:41:38.770000,,,,
,47,,2,14.0,,False,False,0 days 02:41:43.770000,,,,
39.0,10,0 days 00:01:32.505000,2,,,False,False,0 days 02:41:58.710000,,,,
,14,,2,15.0,,False,False,0 days 02:41:58.788000,,,,
,18,,2,18.0,,False,False,0 days 02:41:58.788000,,,,
,10,,2,11.0,,False,False,0 days 02:42:03.768000,,,,
,31,,2,20.0,,False,False,0 days 02:42:03.768000,,,,
,7,,2,21.0,,False,False,0 days 02:42:13.773000,,,,
,22,,2,9.0,,False,False,0 days 02:42:13.773000,,,,
,63,,2,21.0,,False,False,0 days 02:42:13.773000,,,,
,99,,2,16.0,,False,False,0 days 02:42:13.773000,,,,
39.0,6,0 days 00:01:32.807000,2,,,False,False,0 days 02:42:14.067000,,,,
,5,,2,23.0,,False,False,0 days 02:42:18.769000,,,,
,6,,2,20.0,,False,False,0 days 02:42:18.769000,,,,
,11,,3,1.0,,False,False,0 days 02:42:18.769000,,,,
,16,,2,11.0,,False,False,0 days 02:42:33.783000,,,,
40.0,44,0 days 00:01:30.443000,2,,,False,False,0 days 02:42:40.990000,,,,
,44,,2,13.0,,False,False,0 days 02:42:43.775000,,,,
,77,,2,18.0,,False,False,0 days 02:42:43.775000,,,,
40.0,4,0 days 00:01:31.624000,2,,,False,False,0 days 02:42:51.066000,,,,
,4,,2,19.0,,False,False,0 days 02:42:53.772000,,,,
40.0,3,0 days 00:01:32.151000,2,,,False,False,0 days 02:43:08.179000,,,,
,3,,2,20.0,,False,False,0 days 02:43:08.806000,,,,
,9,,2,14.0,,False,False,0 days 02:43:13.781000,,,,
,55,,2,12.0,,False,False,0 days 02:43:13.781000,,,,
,47,,2,15.0,,False,False,0 days 02:43:18.776000,,,,
40.0,14,0 days 00:01:32.763000,2,,,False,False,0 days 02:43:29.538000,,,,
40.0,18,0 days 00:01:32.821000,2,,,False,False,0 days 02:43:30.532000,,,,
40.0,10,,2,,,False,False,0 days 02:43:31.272000,,,,
40.0,31,0 days 00:01:32.497000,2,,,False,False,0 days 02:43:32.540000,,,,
,10,,2,12.0,,False,False,0 days 02:43:33.773000,,,,
,14,,2,16.0,,False,False,0 days 02:43:33.773000,,,,
,18,,2,19.0,,False,False,0 days 02:43:33.773000,,,,
,31,,2,21.0,,False,False,0 days 02:43:33.773000,,,,
40.0,22,0 days 00:01:32.919000,2,,,False,False,0 days 02:43:43.049000,,,,
,7,,2,22.0,,False,False,0 days 02:43:43.776000,,,,
,22,,2,10.0,,False,False,0 days 02:43:43.776000,,,,
40.0,63,0 days 00:01:33.100000,2,,,False,False,0 days 02:43:44.369000,,,,
40.0,99,0 days 00:01:32.925000,2,,,False,False,0 days 02:43:45.068000,,,,
40.0,6,,2,,,False,False,0 days 02:43:47.502000,,,,
,6,,2,21.0,,False,False,0 days 02:43:48.771000,,,,
,11,,3,2.0,,False,False,0 days 02:43:48.771000,,,,
,63,,2,22.0,,False,False,0 days 02:43:48.771000,,,,
,99,,2,17.0,,False,False,0 days 02:43:48.771000,,,,
,11,,2,,,False,False,0 days 02:43:48.970000,0.0,,,
40.0,11,0 days 00:01:31.070000,3,,,False,False,0 days 02:43:48.970000,1.0,,,
,5,,2,24.0,,False,False,0 days 02:43:58.774000,,,,
,16,,2,12.0,,False,False,0 days 02:44:08.774000,,,,
41.0,44,,2,,,False,False,0 days 02:44:11.443000,,,,
,44,,2,14.0,,False,False,0 days 02:44:13.792000,,,,
,77,,2,19.0,,False,False,0 days 02:44:13.792000,,,,
41.0,4,,2,,,False,False,0 days 02:44:22.858000,,,,
,4,,2,20.0,,False,False,0 days 02:44:23.781000,,,,
41.0,3,0 days 00:01:31.933000,2,,,False,False,0 days 02:44:40.134000,,,,
,3,,2,21.0,,False,False,0 days 02:44:43.784000,,,,
,55,,2,13.0,,False,False,0 days 02:44:43.784000,,,,
40.0,9,0 days 00:01:33.947000,2,,,False,False,0 days 02:44:46.170000,,,,
40.0,47,0 days 00:01:33.895000,2,,,False,False,0 days 02:44:48.069000,,,,
,9,,2,15.0,,False,False,0 days 02:44:48.785000,,,,
,47,,2,16.0,,False,False,0 days 02:44:48.785000,,,,
41.0,14,,2,,,False,False,0 days 02:45:02.289000,,,,
41.0,18,0 days 00:01:32.655000,2,,,False,False,0 days 02:45:03.285000,,,,
,14,,2,17.0,,False,False,0 days 02:45:03.788000,,,,
,18,,2,20.0,,False,False,0 days 02:45:03.788000,,,,
41.0,31,,2,,,False,False,0 days 02:45:05.165000,,,,
,10,,2,13.0,,False,False,0 days 02:45:08.787000,,,,
,31,,2,22.0,,False,False,0 days 02:45:08.787000,,,,
41.0,7,0 days 00:01:32.931000,2,,,False,False,0 days 02:45:15.075000,,,,
41.0,22,,2,,,False,False,0 days 02:45:16.048000,,,,
41.0,63,,2,,,False,False,0 days 02:45:18.082000,,,,
,7,,2,23.0,,False,False,0 days 02:45:18.802000,,,,
,11,,3,3.0,,False,False,0 days 02:45:18.802000,,,,
,22,,2,11.0,,False,False,0 days 02:45:18.802000,,,,
,63,,2,23.0,,False,False,0 days 02:45:18.802000,,,,
41.0,99,,2,,,False,False,0 days 02:45:18.996000,,,,
41.0,6,0 days 00:01:32.787000,2,,,False,False,0 days 02:45:20.353000,,,,
,6,,2,22.0,,False,False,0 days 02:45:23.778000,,,,
,99,,2,18.0,,False,False,0 days 02:45:23.778000,,,,
42.0,16,0 days 00:01:31.271000,2,,,False,False,0 days 02:45:35.075000,,,,
,16,,2,13.0,,False,False,0 days 02:45:38.782000,,,,
42.0,44,0 days 00:01:30.160000,2,,,False,False,0 days 02:45:41.617000,,,,
,44,,2,15.0,,False,False,0 days 02:45:43.792000,,,,
,77,,2,20.0,,False,False,0 days 02:45:48.779000,,,,
42.0,4,0 days 00:01:31.572000,2,,,False,False,0 days 02:45:54.428000,,,,
,4,,2,21.0,,False,False,0 days 02:45:58.783000,,,,
42.0,3,0 days 00:01:31.879000,2,,,False,False,0 days 02:46:11.970000,,,,
,3,,2,22.0,,False,False,0 days 02:46:13.783000,,,,
,55,,2,14.0,,False,False,0 days 02:46:13.783000,,,,
41.0,9,0 days 00:01:33.558000,2,,,False,False,0 days 02:46:19.725000,,,,
41.0,47,0 days 00:01:33.536000,2,,,False,False,0 days 02:46:21.629000,,,,
,9,,2,16.0,,False,False,0 days 02:46:23.786000,,,,
,47,,2,17.0,,False,False,0 days 02:46:23.786000,,,,
42.0,14,0 days 00:01:32.708000,2,,,False,False,0 days 02:46:35.002000,,,,
42.0,18,,2,,,False,False,0 days 02:46:36.024000,,,,
,10,,2,14.0,,False,False,0 days 02:46:38.776000,,,,
,14,,2,18.0,,False,False,0 days 02:46:38.776000,,,,
,18,,2,21.0,,False,False,0 days 02:46:38.776000,,,,
,31,,2,23.0,,False,False,0 days 02:46:38.776000,,,,
42.0,7,,2,,,False,False,0 days 02:46:48.201000,,,,
,7,,2,24.0,,False,False,0 days 02:46:48.782000,,,,
42.0,6,,2,,,False,False,0 days 02:46:53.420000,,,,
,6,,2,23.0,,False,False,0 days 02:46:53.806000,,,,
,11,,3,4.0,,False,False,0 days 02:46:53.806000,,,,
,22,,2,12.0,,False,False,0 days 02:46:53.806000,,,,
,63,,2,24.0,,False,False,0 days 02:46:53.806000,,,,
,99,,2,19.0,,False,False,0 days 02:46:53.806000,,,,
43.0,16,0 days 00:01:30.917000,2,,,False,False,0 days 02:47:06.012000,,,,
,16,,2,14.0,,False,False,0 days 02:47:08.779000,,,,
43.0,44,,2,,,False,False,0 days 02:47:11.859000,,,,
,44,,2,16.0,,False,False,0 days 02:47:13.790000,,,,
,77,,2,21.0,,False,False,0 days 02:47:18.788000,,,,
43.0,4,,2,,,False,False,0 days 02:47:26.183000,,,,
,4,,2,22.0,,False,False,0 days 02:47:28.785000,,,,
43.0,3,0 days 00:01:31.784000,2,,,False,False,0 days 02:47:43.753000,,,,
,3,,2,23.0,,False,False,0 days 02:47:48.784000,,,,
,55,,2,15.0,,False,False,0 days 02:47:48.784000,,,,
42.0,9,,2,,,False,False,0 days 02:47:53.446000,,,,
,9,,2,17.0,,False,False,0 days 02:47:53.793000,,,,
42.0,47,0 days 00:01:33.481000,2,,,False,False,0 days 02:47:55.090000,,,,
,47,,2,18.0,,False,False,0 days 02:47:58.788000,,,,
43.0,14,0 days 00:01:32.443000,2,,,False,False,0 days 02:48:07.457000,,,,
43.0,18,0 days 00:01:32.429000,2,,,False,False,0 days 02:48:08.448000,,,,
,14,,2,19.0,,False,False,0 days 02:48:08.798000,,,,
,18,,2,22.0,,False,False,0 days 02:48:08.798000,,,,
43.0,10,0 days 00:01:32.414000,2,,,False,False,0 days 02:48:08.968000,,,,
43.0,31,0 days 00:01:32.492000,2,,,False,False,0 days 02:48:10.251000,,,,
,10,,2,15.0,,False,False,0 days 02:48:13.789000,,,,
,31,,2,24.0,,False,False,0 days 02:48:13.789000,,,,
,7,,2,25.0,,False,False,0 days 02:48:23.792000,,,,
,11,,3,5.0,,False,False,0 days 02:48:23.792000,,,,
,22,,2,13.0,,False,False,0 days 02:48:23.792000,,,,
43.0,63,0 days 00:01:32.936000,2,,,False,False,0 days 02:48:24.267000,,,,
43.0,99,0 days 00:01:32.621000,2,,,False,False,0 days 02:48:25.213000,,,,
43.0,6,0 days 00:01:32.765000,2,,,False,False,0 days 02:48:26.216000,,,,
,6,,2,24.0,,False,False,0 days 02:48:28.788000,,,,
,63,,2,25.0,,False,False,0 days 02:48:28.788000,,,,
,99,,2,20.0,,False,False,0 days 02:48:28.788000,,,,
44.0,16,0 days 00:01:30.846000,2,,,False,False,0 days 02:48:36.849000,,,,
,16,,2,15.0,,False,False,0 days 02:48:38.789000,,,,
44.0,44,0 days 00:01:29.801000,2,,,False,False,0 days 02:48:41.673000,,,,
,44,,2,17.0,,False,False,0 days 02:48:43.800000,,,,
44.0,77,0 days 00:01:30.688000,2,,,False,False,0 days 02:48:46.346000,,,,
,77,,2,22.0,,False,False,0 days 02:48:48.793000,,,,
44.0,4,0 days 00:01:31.420000,2,,,False,False,0 days 02:48:57.663000,,,,
,4,,2,23.0,,False,False,0 days 02:48:58.804000,,,,
44.0,3,,2,,,False,False,0 days 02:49:15.619000,,,,
,3,,2,24.0,,False,False,0 days 02:49:18.796000,,,,
,55,,2,16.0,,False,False,0 days 02:49:18.796000,,,,
43.0,9,0 days 00:01:33.422000,2,,,False,False,0 days 02:49:26.869000,,,,
43.0,47,0 days 00:01:32.997000,2,,,False,False,0 days 02:49:28.094000,,,,
,9,,2,18.0,,False,False,0 days 02:49:28.797000,,,,
,47,,2,19.0,,False,False,0 days 02:49:28.797000,,,,
44.0,14,0 days 00:01:32.225000,2,,,False,False,0 days 02:49:39.624000,,,,
44.0,18,0 days 00:01:32.239000,2,,,False,False,0 days 02:49:40.675000,,,,
44.0,10,0 days 00:01:32.402000,2,,,False,False,0 days 02:49:41.377000,,,,
44.0,31,,2,,,False,False,0 days 02:49:42.769000,,,,
,10,,2,16.0,,False,False,0 days 02:49:43.790000,,,,
,14,,2,20.0,,False,False,0 days 02:49:43.790000,,,,
,18,,2,23.0,,False,False,0 days 02:49:43.790000,,,,
,31,,2,25.0,,False,False,0 days 02:49:43.790000,,,,
44.0,7,0 days 00:01:32.531000,2,,,False,False,0 days 02:49:53.750000,,,,
,7,,2,26.0,,False,False,0 days 02:49:53.798000,,,,
,22,,1,,,False,False,0 days 02:49:55.438000,0.0,,,
44.0,22,0 days 00:01:32.359000,2,,,False,False,0 days 02:49:55.438000,1.0,,,
44.0,63,0 days 00:01:32.629000,2,,,False,False,0 days 02:49:56.874000,,,,
44.0,99,,2,,,False,False,0 days 02:49:58.040000,,,,
,11,,3,6.0,,False,False,0 days 02:49:58.798000,,,,
,22,,2,14.0,,False,False,0 days 02:49:58.798000,,,,
,63,,2,26.0,,False,False,0 days 02:49:58.798000,,,,
,99,,2,21.0,,False,False,0 days 02:49:58.798000,,,,
44.0,6,,2,,,False,False,0 days 02:49:59.188000,,,,
,6,,2,25.0,,False,False,0 days 02:50:03.799000,,,,
45.0,16,0 days 00:01:30.569000,2,,,False,False,0 days 02:50:07.418000,,,,
,16,,2,16.0,,False,False,0 days 02:50:08.793000,,,,
45.0,44,0 days 00:01:29.699000,2,,,False,False,0 days 02:50:11.362000,,,,
,44,,2,18.0,,False,False,0 days 02:50:13.791000,,,,
45.0,77,0 days 00:01:30.524000,2,,,False,False,0 days 02:50:16.855000,,,,
,77,,2,23.0,,False,False,0 days 02:50:18.798000,,,,
45.0,4,,2,,,False,False,0 days 02:50:29.268000,,,,
,4,,2,24.0,,False,False,0 days 02:50:33.798000,,,,
45.0,3,0 days 00:01:31.720000,2,,,False,False,0 days 02:50:47.353000,,,,
,3,,2,25.0,,False,False,0 days 02:50:48.802000,,,,
,55,,2,17.0,,False,False,0 days 02:50:48.802000,,,,
44.0,9,0 days 00:01:33.402000,2,,,False,False,0 days 02:51:00.307000,,,,
44.0,47,,2,,,False,False,0 days 02:51:01.384000,,,,
,9,,2,19.0,,False,False,0 days 02:51:03.798000,,,,
,47,,2,20.0,,False,False,0 days 02:51:03.798000,,,,
45.0,14,,2,,,False,False,0 days 02:51:11.909000,,,,
45.0,18,,2,,,False,False,0 days 02:51:13.035000,,,,
45.0,10,0 days 00:01:32.109000,2,,,False,False,0 days 02:51:13.505000,,,,
,10,,2,17.0,,False,False,0 days 02:51:13.812000,,,,
,14,,2,21.0,,False,False,0 days 02:51:13.812000,,,,
,18,,2,24.0,,False,False,0 days 02:51:13.812000,,,,
45.0,31,0 days 00:01:32.236000,2,,,False,False,0 days 02:51:15.042000,,,,
,31,,2,26.0,,False,False,0 days 02:51:18.796000,,,,
45.0,7,0 days 00:01:32.345000,2,,,False,False,0 days 02:51:26.123000,,,,
45.0,22,,2,,,False,False,0 days 02:51:28.152000,,,,
,7,,2,27.0,,False,False,0 days 02:51:28.794000,,,,
,11,,3,7.0,,False,False,0 days 02:51:28.794000,,,,
,22,,2,15.0,,False,False,0 days 02:51:28.794000,,,,
45.0,63,0 days 00:01:32.597000,2,,,False,False,0 days 02:51:29.478000,,,,
,6,,2,26.0,,False,False,0 days 02:51:33.799000,,,,
,63,,2,27.0,,False,False,0 days 02:51:33.799000,,,,
,99,,2,22.0,,False,False,0 days 02:51:33.799000,,,,
,16,,2,17.0,,False,False,0 days 02:51:38.800000,,,,
46.0,44,,2,,,False,False,0 days 02:51:41.051000,,,,
,44,,2,19.0,,False,False,0 days 02:51:43.794000,,,,
46.0,77,,2,,,False,False,0 days 02:51:47.502000,,,,
,77,,2,24.0,,False,False,0 days 02:51:49.219000,,,,
,4,,2,25.0,,False,False,0 days 02:52:04.214000,,,,
46.0,3,0 days 00:01:31.703000,2,,,False,False,0 days 02:52:19.019000,,,,
,3,,2,26.0,,False,False,0 days 02:52:24.224000,,,,
,55,,2,18.0,,False,False,0 days 02:52:24.224000,,,,
45.0,9,,2,,,False,False,0 days 02:52:33.697000,,,,
,9,,2,20.0,,False,False,0 days 02:52:34.218000,,,,
,47,,2,21.0,,False,False,0 days 02:52:39.215000,,,,
46.0,10,,2,,,False,False,0 days 02:52:46.498000,,,,
46.0,31,,2,,,False,False,0 days 02:52:47.608000,,,,
,10,,2,18.0,,False,False,0 days 02:52:49.224000,,,,
,14,,2,22.0,,False,False,0 days 02:52:49.224000,,,,
,18,,2,25.0,,False,False,0 days 02:52:49.224000,,,,
,31,,2,27.0,,False,False,0 days 02:52:49.224000,,,,
46.0,22,0 days 00:01:32.319000,2,,,False,False,0 days 02:53:00.430000,,,,
,11,,3,8.0,,False,False,0 days 02:53:04.398000,,,,
,22,,2,16.0,,False,False,0 days 02:53:04.398000,,,,
,63,,2,28.0,,False,False,0 days 02:53:04.398000,,,,
,99,,2,23.0,,False,False,0 days 02:53:04.398000,,,,
46.0,7,,2,,,False,False,0 days 02:53:08.364000,,,,
,6,,2,27.0,,False,False,0 days 02:53:09.241000,,,,
,7,,2,28.0,,False,False,0 days 02:53:09.241000,,,,
,10,,3,0.0,SOFT,True,True,0 days 02:53:09.241000,0.0,,0.0,
,16,,2,18.0,,False,False,0 days 02:53:14.237000,,,,
,44,,2,20.0,,False,False,0 days 02:53:14.237000,,,,
,77,,2,25.0,,False,False,0 days 02:53:19.232000,,,,
,4,,2,26.0,,False,False,0 days 02:53:34.252000,,,,
47.0,3,,2,,,False,False,0 days 02:53:50.981000,,,,
,3,,2,27.0,,False,False,0 days 02:53:54.230000,,,,
,55,,2,19.0,,False,False,0 days 02:53:54.230000,,,,
46.0,9,0 days 00:01:33.341000,2,,,False,False,0 days 02:54:07.055000,,,,
,9,,2,21.0,,False,False,0 days 02:54:09.237000,,,,
,47,,2,22.0,,False,False,0 days 02:54:09.237000,,,,
47.0,14,0 days 00:01:32.047000,2,,,False,False,0 days 02:54:16.394000,,,,
,14,,2,23.0,,False,False,0 days 02:54:19.241000,,,,
,18,,2,26.0,,False,False,0 days 02:54:19.241000,,,,
,31,,2,28.0,,False,False,0 days 02:54:24.233000,,,,
47.0,11,0 days 00:01:30.958000,3,,,False,False,0 days 02:54:30.410000,,,,
47.0,22,0 days 00:01:32.253000,2,,,False,False,0 days 02:54:32.655000,,,,
,11,,3,9.0,,False,False,0 days 02:54:34.234000,,,,
,22,,2,17.0,,False,False,0 days 02:54:34.234000,,,,
,10,,3,1.0,,False,False,0 days 02:54:39.240000,,,,
,63,,2,29.0,,False,False,0 days 02:54:39.240000,,,,
,99,,2,24.0,,False,False,0 days 02:54:39.240000,,,,
,6,,2,28.0,,False,False,0 days 02:54:44.248000,,,,
,16,,2,19.0,,False,False,0 days 02:54:44.248000,,,,
,44,,2,21.0,,False,False,0 days 02:54:44.248000,,,,
,7,,2,29.0,,False,False,0 days 02:54:49.233000,,,,
,77,,2,26.0,,False,False,0 days 02:54:54.233000,,,,
,4,,2,27.0,,False,False,0 days 02:55:09.234000,,,,
,3,,2,28.0,,False,False,0 days 02:55:24.248000,,,,
,55,,2,20.0,,False,False,0 days 02:55:24.248000,,,,
47.0,9,,2,,,False,False,0 days 02:55:40.548000,,,,
,9,,2,22.0,,False,False,0 days 02:55:44.239000,,,,
,47,,2,23.0,,False,False,0 days 02:55:44.239000,,,,
48.0,14,0 days 00:01:31.698000,2,,,False,False,0 days 02:55:48.123000,,,,
,14,,2,24.0,,False,False,0 days 02:55:49.237000,,,,
48.0,18,0 days 00:01:31.992000,2,,,False,False,0 days 02:55:49.944000,,,,
48.0,31,0 days 00:01:32.210000,2,,,False,False,0 days 02:55:52.262000,,,,
,18,,2,27.0,,False,False,0 days 02:55:54.238000,,,,
,31,,2,29.0,,False,False,0 days 02:55:54.238000,,,,
48.0,11,,3,,,False,False,0 days 02:56:00.418000,,,,
,11,0 days 00:01:30,3,,,False,False,0 days 02:56:00.435000,,,,
,11,,3,10.0,,False,False,0 days 02:56:04.251000,,,,
48.0,22,0 days 00:01:31.559000,2,,,False,False,0 days 02:56:04.260000,,,,
48.0,63,0 days 00:01:32.424000,2,,,False,False,0 days 02:56:07.221000,,,,
,10,,3,2.0,,False,False,0 days 02:56:09.242000,,,,
,22,,2,18.0,,False,False,0 days 02:56:09.242000,,,,
,63,,2,30.0,,False,False,0 days 02:56:09.242000,,,,
,10,,2,,,False,False,0 days 02:56:09.248000,0.0,,,
48.0,10,0 days 00:01:30.740000,3,,,False,False,0 days 02:56:09.248000,1.0,,,
,16,,2,20.0,,False,False,0 days 02:56:14.247000,,,,
,44,,2,22.0,,False,False,0 days 02:56:14.247000,,,,
,99,,2,25.0,,False,False,0 days 02:56:14.247000,,,,
48.0,7,0 days 00:01:31.895000,2,,,False,False,0 days 02:56:16.812000,,,,
,6,,2,29.0,,False,False,0 days 02:56:19.242000,,,,
,7,,2,30.0,,False,False,0 days 02:56:19.242000,,,,
,11,,4,3.0,SOFT,False,True,0 days 02:56:24.251000,0.0,,3.0,
,77,,2,27.0,,False,False,0 days 02:56:24.251000,,,,
,4,,2,28.0,,False,False,0 days 02:56:39.251000,,,,
,3,,2,29.0,,False,False,0 days 02:56:59.243000,,,,
,55,,2,21.0,,False,False,0 days 02:56:59.243000,,,,
48.0,9,0 days 00:01:33.252000,2,,,False,False,0 days 02:57:13.773000,,,,
,9,,2,23.0,,False,False,0 days 02:57:14.270000,,,,
,47,,2,24.0,,False,False,0 days 02:57:19.249000,,,,
49.0,14,,2,,,False,False,0 days 02:57:20.469000,,,,
49.0,18,,2,,,False,False,0 days 02:57:22.175000,,,,
,14,,2,25.0,,False,False,0 days 02:57:24.260000,,,,
,18,,2,28.0,,False,False,0 days 02:57:24.260000,,,,
49.0,31,,2,,,False,False,0 days 02:57:24.634000,,,,
,31,,2,30.0,,False,False,0 days 02:57:29.242000,,,,
49.0,22,0 days 00:01:31.209000,2,,,False,False,0 days 02:57:35.420000,,,,
49.0,63,0 days 00:01:32.049000,2,,,False,False,0 days 02:57:39.250000,,,,
,22,,2,19.0,,False,False,0 days 02:57:39.255000,,,,
,63,,2,31.0,,False,False,0 days 02:57:39.255000,,,,
49.0,99,0 days 00:01:32.346000,2,,,False,False,0 days 02:57:41.883000,,,,
,10,,3,3.0,,False,False,0 days 02:57:44.267000,,,,
,44,,2,23.0,,False,False,0 days 02:57:44.267000,,,,
,99,,2,26.0,,False,False,0 days 02:57:44.267000,,,,
,6,,2,30.0,,False,False,0 days 02:57:49.266000,,,,
,7,,2,31.0,,False,False,0 days 02:57:49.266000,,,,
,16,,2,21.0,,False,False,0 days 02:57:49.266000,,,,
,77,,2,28.0,,False,False,0 days 02:57:54.262000,,,,
,11,,4,4.0,,False,False,0 days 02:57:59.249000,,,,
,4,,2,29.0,,False,False,0 days 02:58:14.256000,,,,
50.0,3,0 days 00:01:31.642000,2,,,False,False,0 days 02:58:26.211000,,,,
,3,,2,30.0,,False,False,0 days 02:58:29.258000,,,,
,55,,2,22.0,,False,False,0 days 02:58:29.258000,,,,
49.0,9,0 days 00:01:33.097000,2,,,False,False,0 days 02:58:46.901000,,,,
,9,,2,24.0,,False,False,0 days 02:58:49.245000,,,,
,47,,2,25.0,,False,False,0 days 02:58:49.245000,,,,
,14,,2,26.0,,False,False,0 days 02:58:54.258000,,,,
,18,,2,29.0,,False,False,0 days 02:58:59.255000,,,,
,31,,2,31.0,,False,False,0 days 02:58:59.255000,,,,
50.0,22,0 days 00:01:30.886000,2,,,False,False,0 days 02:59:06.321000,,,,
,22,,2,20.0,,False,False,0 days 02:59:09.244000,,,,
50.0,63,,2,,,False,False,0 days 02:59:12.132000,,,,
,10,,3,4.0,,False,False,0 days 02:59:14.250000,,,,
,63,,2,32.0,,False,False,0 days 02:59:14.250000,,,,
50.0,99,,2,,,False,False,0 days 02:59:16.130000,,,,
,16,,2,22.0,,False,False,0 days 02:59:19.252000,,,,
,44,,2,24.0,,False,False,0 days 02:59:19.252000,,,,
,99,,2,27.0,,False,False,0 days 02:59:19.252000,,,,
50.0,6,0 days 00:01:32.718000,2,,,False,False,0 days 02:59:20.061000,,,,
,6,,2,31.0,,False,False,0 days 02:59:24.260000,,,,
,7,,2,32.0,,False,False,0 days 02:59:24.260000,,,,
,11,,4,5.0,,False,False,0 days 02:59:29.253000,,,,
,77,,2,29.0,,False,False,0 days 02:59:29.253000,,,,
,11,,3,,,False,False,0 days 02:59:29.577000,0.0,,,
50.0,11,0 days 00:01:28.617000,4,,,False,False,0 days 02:59:29.577000,3.0,,,
,44,,2,,,False,False,0 days 02:59:29.577000,1.0,,,
,4,,2,30.0,,False,False,0 days 02:59:44.259000,,,,
51.0,3,0 days 00:01:31.284000,2,,,False,False,0 days 02:59:57.472000,,,,
51.0,55,0 days 00:01:31.223000,2,,,False,False,0 days 02:59:58.333000,,,,
,3,,2,31.0,,False,False,0 days 02:59:59.254000,,,,
,55,,2,23.0,,False,False,0 days 02:59:59.254000,,,,
50.0,9,0 days 00:01:32.927000,2,,,False,False,0 days 03:00:19.826000,,,,
50.0,47,0 days 00:01:32.862000,2,,,False,False,0 days 03:00:21.317000,,,,
,9,,2,25.0,,False,False,0 days 03:00:24.252000,,,,
,47,,2,26.0,,False,False,0 days 03:00:24.252000,,,,
,14,,2,27.0,,False,False,0 days 03:00:29.258000,,,,
,18,,2,30.0,,False,False,0 days 03:00:29.258000,,,,
,31,,2,32.0,,False,False,0 days 03:00:34.256000,,,,
51.0,22,0 days 00:01:30.826000,2,,,False,False,0 days 03:00:37.131000,,,,
,22,,2,21.0,,False,False,0 days 03:00:39.254000,,,,
51.0,10,0 days 00:01:30.494000,3,,,False,False,0 days 03:00:41.265000,,,,
,10,,3,5.0,,False,False,0 days 03:00:44.254000,,,,
,44,,2,25.0,,False,False,0 days 03:00:49.259000,,,,
,63,,2,33.0,,False,False,0 days 03:00:49.259000,,,,
51.0,6,0 days 00:01:32.477000,2,,,False,False,0 days 03:00:52.513000,,,,
,6,,2,32.0,,False,False,0 days 03:00:54.250000,,,,
,7,,2,33.0,,False,False,0 days 03:00:54.250000,,,,
,16,,2,23.0,,False,False,0 days 03:00:54.250000,,,,
,99,,2,28.0,,False,False,0 days 03:00:54.250000,,,,
51.0,11,,4,,,False,False,0 days 03:00:58.558000,,,,
,11,,4,6.0,,False,False,0 days 03:00:59.251000,,,,
,77,,2,30.0,,False,False,0 days 03:00:59.251000,,,,
,4,,2,31.0,,False,False,0 days 03:01:19.253000,,,,
52.0,3,,2,,,False,False,0 days 03:01:28.820000,,,,
,3,,2,32.0,,False,False,0 days 03:01:29.257000,,,,
52.0,55,,2,,,False,False,0 days 03:01:29.655000,,,,
,55,,2,24.0,,False,False,0 days 03:01:34.261000,,,,
51.0,9,0 days 00:01:32.909000,2,,,False,False,0 days 03:01:52.774000,,,,
,9,,2,26.0,,False,False,0 days 03:01:54.265000,,,,
51.0,47,,2,,,False,False,0 days 03:01:54.308000,,,,
,14,,2,28.0,,False,False,0 days 03:01:59.254000,,,,
,47,,2,27.0,,False,False,0 days 03:01:59.254000,,,,
,18,,2,31.0,,False,False,0 days 03:02:04.259000,,,,
,31,,2,33.0,,False,False,0 days 03:02:04.259000,,,,
52.0,22,,2,,,False,False,0 days 03:02:08.254000,,,,
,22,,2,22.0,,False,False,0 days 03:02:09.253000,,,,
52.0,10,0 days 00:01:30.266000,3,,,False,False,0 days 03:02:11.534000,,,,
,10,,3,6.0,,False,False,0 days 03:02:14.269000,,,,
